Gender,Married,Dependents,Education,SelfEmployed,ApplicantIncome,CoapplicantIncome,LoanAmount,LoanAmountTerm,CreditHistory,PropertyArea,LoanStatus,TotalIncome,InstalmentAmount,BalancedIncome
1,0,0.0,1,0,5849,0.0,146.41216216216216,360.0,1.0,2,1,5849.0,406.70045045045043,5442.29954954955
1,1,1.0,1,0,4583,1508.0,128.0,360.0,1.0,0,0,6091.0,355.55555555555554,5735.444444444444
1,1,0.0,1,1,3000,0.0,66.0,360.0,1.0,2,1,3000.0,183.33333333333334,2816.6666666666665
1,1,0.0,0,0,2583,2358.0,120.0,360.0,1.0,2,1,4941.0,333.3333333333333,4607.666666666667
1,0,0.0,1,0,6000,0.0,141.0,360.0,1.0,2,1,6000.0,391.6666666666667,5608.333333333333
1,1,2.0,1,1,5417,4196.0,267.0,360.0,1.0,2,1,9613.0,741.6666666666666,8871.333333333334
1,1,0.0,0,0,2333,1516.0,95.0,360.0,1.0,2,1,3849.0,263.8888888888889,3585.1111111111113
1,1,3.0,1,0,3036,2504.0,158.0,360.0,0.0,1,0,5540.0,438.8888888888889,5101.111111111111
1,1,2.0,1,0,4006,1526.0,168.0,360.0,1.0,2,1,5532.0,466.6666666666667,5065.333333333333
1,1,1.0,1,0,12841,10968.0,349.0,360.0,1.0,1,0,23809.0,969.4444444444445,22839.555555555555
1,1,2.0,1,0,3200,700.0,70.0,360.0,1.0,2,1,3900.0,194.44444444444446,3705.5555555555557
1,1,2.0,1,0,2500,1840.0,109.0,360.0,1.0,2,1,4340.0,302.77777777777777,4037.222222222222
1,1,2.0,1,0,3073,8106.0,200.0,360.0,1.0,2,1,11179.0,555.5555555555555,10623.444444444445
1,0,0.0,1,0,1853,2840.0,114.0,360.0,1.0,0,0,4693.0,316.6666666666667,4376.333333333333
1,1,2.0,1,0,1299,1086.0,17.0,120.0,1.0,2,1,2385.0,141.66666666666666,2243.3333333333335
1,0,0.0,1,0,4950,0.0,125.0,360.0,1.0,2,1,4950.0,347.22222222222223,4602.777777777777
1,0,1.0,0,0,3596,0.0,100.0,240.0,1.0,2,1,3596.0,416.6666666666667,3179.3333333333335
0,0,0.0,1,0,3510,0.0,76.0,360.0,0.0,2,0,3510.0,211.11111111111111,3298.8888888888887
1,1,0.0,0,0,4887,0.0,133.0,360.0,1.0,0,0,4887.0,369.44444444444446,4517.555555555556
1,1,0.0,1,0,2600,3500.0,115.0,360.0,1.0,2,1,6100.0,319.44444444444446,5780.555555555556
1,1,0.0,0,0,7660,0.0,104.0,360.0,0.0,2,0,7660.0,288.8888888888889,7371.111111111111
1,1,1.0,1,0,5955,5625.0,315.0,360.0,1.0,2,1,11580.0,875.0,10705.0
1,1,0.0,0,0,2600,1911.0,116.0,360.0,0.0,1,0,4511.0,322.22222222222223,4188.777777777777
1,1,2.0,0,0,3365,1917.0,112.0,360.0,0.0,0,0,5282.0,311.1111111111111,4970.888888888889
1,1,1.0,1,0,3717,2925.0,151.0,360.0,1.0,1,0,6642.0,419.44444444444446,6222.555555555556
1,1,0.0,1,1,9560,0.0,191.0,360.0,1.0,1,1,9560.0,530.5555555555555,9029.444444444445
1,1,0.0,1,0,2799,2253.0,122.0,360.0,1.0,1,1,5052.0,338.8888888888889,4713.111111111111
1,1,2.0,0,0,4226,1040.0,110.0,360.0,1.0,2,1,5266.0,305.55555555555554,4960.444444444444
1,0,0.0,0,0,1442,0.0,35.0,360.0,1.0,2,0,1442.0,97.22222222222223,1344.7777777777778
0,0,2.0,1,0,3750,2083.0,120.0,360.0,1.0,1,1,5833.0,333.3333333333333,5499.666666666667
1,1,1.0,1,0,4166,3369.0,201.0,360.0,1.0,2,0,7535.0,558.3333333333334,6976.666666666667
1,0,0.0,1,0,3167,0.0,74.0,360.0,1.0,2,0,3167.0,205.55555555555554,2961.4444444444443
1,0,1.0,1,1,4692,0.0,106.0,360.0,1.0,0,0,4692.0,294.44444444444446,4397.555555555556
1,1,0.0,1,0,3500,1667.0,114.0,360.0,1.0,1,1,5167.0,316.6666666666667,4850.333333333333
1,0,3.0,1,0,12500,3000.0,320.0,360.0,1.0,0,0,15500.0,888.8888888888889,14611.111111111111
1,1,0.0,1,0,2275,2067.0,146.41216216216216,360.0,1.0,2,1,4342.0,406.70045045045043,3935.2995495495497
1,1,0.0,1,0,1828,1330.0,100.0,360.0,0.0,2,0,3158.0,277.77777777777777,2880.222222222222
0,1,0.0,1,0,3667,1459.0,144.0,360.0,1.0,1,1,5126.0,400.0,4726.0
1,0,0.0,1,0,4166,7210.0,184.0,360.0,1.0,2,1,11376.0,511.1111111111111,10864.888888888889
1,0,0.0,0,0,3748,1668.0,110.0,360.0,1.0,1,1,5416.0,305.55555555555554,5110.444444444444
1,0,0.0,1,0,3600,0.0,80.0,360.0,1.0,2,0,3600.0,222.22222222222223,3377.777777777778
1,0,0.0,1,0,1800,1213.0,47.0,360.0,1.0,2,1,3013.0,130.55555555555554,2882.4444444444443
1,1,0.0,1,0,2400,0.0,75.0,360.0,1.0,2,1,2400.0,208.33333333333334,2191.6666666666665
1,1,0.0,1,0,3941,2336.0,134.0,360.0,1.0,1,1,6277.0,372.22222222222223,5904.777777777777
1,1,0.0,0,1,4695,0.0,96.0,360.0,1.0,2,1,4695.0,266.6666666666667,4428.333333333333
0,0,0.0,1,0,3410,0.0,88.0,360.0,1.0,2,1,3410.0,244.44444444444446,3165.5555555555557
1,1,1.0,1,0,5649,0.0,44.0,360.0,1.0,2,1,5649.0,122.22222222222223,5526.777777777777
1,1,0.0,1,0,5821,0.0,144.0,360.0,1.0,2,1,5821.0,400.0,5421.0
0,1,0.0,1,0,2645,3440.0,120.0,360.0,0.0,2,0,6085.0,333.3333333333333,5751.666666666667
0,0,0.0,1,0,4000,2275.0,144.0,360.0,1.0,1,1,6275.0,400.0,5875.0
0,1,0.0,0,0,1928,1644.0,100.0,360.0,1.0,1,1,3572.0,277.77777777777777,3294.222222222222
0,0,0.0,1,0,3086,0.0,120.0,360.0,1.0,1,1,3086.0,333.3333333333333,2752.6666666666665
0,0,0.0,1,0,4230,0.0,112.0,360.0,1.0,1,0,4230.0,311.1111111111111,3918.8888888888887
1,1,2.0,1,0,4616,0.0,134.0,360.0,1.0,2,0,4616.0,372.22222222222223,4243.777777777777
0,1,1.0,1,1,11500,0.0,286.0,360.0,0.0,2,0,11500.0,794.4444444444445,10705.555555555555
1,1,2.0,1,0,2708,1167.0,97.0,360.0,1.0,1,1,3875.0,269.44444444444446,3605.5555555555557
1,1,0.0,1,0,2132,1591.0,96.0,360.0,1.0,1,1,3723.0,266.6666666666667,3456.3333333333335
1,1,0.0,1,0,3366,2200.0,135.0,360.0,1.0,0,0,5566.0,375.0,5191.0
1,1,1.0,1,0,8080,2250.0,180.0,360.0,1.0,2,1,10330.0,500.0,9830.0
1,1,2.0,0,0,3357,2859.0,144.0,360.0,1.0,2,1,6216.0,400.0,5816.0
1,1,0.0,1,0,2500,3796.0,120.0,360.0,1.0,2,1,6296.0,333.3333333333333,5962.666666666667
1,1,3.0,1,0,3029,0.0,99.0,360.0,1.0,2,1,3029.0,275.0,2754.0
1,1,0.0,0,1,2609,3449.0,165.0,180.0,0.0,0,0,6058.0,916.6666666666666,5141.333333333333
1,1,1.0,1,0,4945,0.0,146.41216216216216,360.0,0.0,0,0,4945.0,406.70045045045043,4538.29954954955
0,0,0.0,1,0,4166,0.0,116.0,360.0,0.0,1,0,4166.0,322.22222222222223,3843.777777777778
1,1,0.0,1,0,5726,4595.0,258.0,360.0,1.0,1,0,10321.0,716.6666666666666,9604.333333333334
1,0,0.0,0,0,3200,2254.0,126.0,180.0,0.0,2,0,5454.0,700.0,4754.0
1,1,1.0,1,0,10750,0.0,312.0,360.0,1.0,2,1,10750.0,866.6666666666666,9883.333333333334
1,1,3.0,0,1,7100,0.0,125.0,60.0,1.0,2,1,7100.0,2083.3333333333335,5016.666666666666
0,0,0.0,1,0,4300,0.0,136.0,360.0,0.0,1,0,4300.0,377.77777777777777,3922.222222222222
1,1,0.0,1,0,3208,3066.0,172.0,360.0,1.0,2,1,6274.0,477.77777777777777,5796.222222222223
1,1,2.0,0,1,1875,1875.0,97.0,360.0,1.0,1,1,3750.0,269.44444444444446,3480.5555555555557
1,0,0.0,1,0,3500,0.0,81.0,300.0,1.0,1,1,3500.0,270.0,3230.0
1,1,3.0,0,0,4755,0.0,95.0,360.0,0.0,1,0,4755.0,263.8888888888889,4491.111111111111
1,1,3.0,1,1,5266,1774.0,187.0,360.0,1.0,1,1,7040.0,519.4444444444445,6520.555555555556
1,0,0.0,1,0,3750,0.0,113.0,480.0,1.0,2,0,3750.0,235.41666666666666,3514.5833333333335
1,0,0.0,1,0,3750,4750.0,176.0,360.0,1.0,2,0,8500.0,488.8888888888889,8011.111111111111
1,1,1.0,1,1,1000,3022.0,110.0,360.0,1.0,2,0,4022.0,305.55555555555554,3716.4444444444443
1,1,3.0,1,0,3167,4000.0,180.0,300.0,0.0,1,0,7167.0,600.0,6567.0
1,1,3.0,0,1,3333,2166.0,130.0,360.0,1.0,1,1,5499.0,361.1111111111111,5137.888888888889
0,0,0.0,1,0,3846,0.0,111.0,360.0,1.0,1,1,3846.0,308.3333333333333,3537.6666666666665
1,1,1.0,1,1,2395,0.0,146.41216216216216,360.0,1.0,1,1,2395.0,406.70045045045043,1988.2995495495495
0,1,2.0,1,0,1378,1881.0,167.0,360.0,1.0,2,0,3259.0,463.8888888888889,2795.1111111111113
1,1,0.0,1,0,6000,2250.0,265.0,360.0,1.0,1,0,8250.0,736.1111111111111,7513.888888888889
1,1,1.0,1,0,3988,0.0,50.0,240.0,1.0,2,1,3988.0,208.33333333333334,3779.6666666666665
1,0,0.0,1,0,2366,2531.0,136.0,360.0,1.0,1,1,4897.0,377.77777777777777,4519.222222222223
1,1,2.0,0,0,3333,2000.0,99.0,360.0,1.0,1,1,5333.0,275.0,5058.0
1,1,0.0,1,0,2500,2118.0,104.0,360.0,1.0,1,1,4618.0,288.8888888888889,4329.111111111111
1,0,0.0,1,0,8566,0.0,210.0,360.0,1.0,2,1,8566.0,583.3333333333334,7982.666666666667
1,1,0.0,1,0,5695,4167.0,175.0,360.0,1.0,1,1,9862.0,486.1111111111111,9375.888888888889
1,1,0.0,1,0,2958,2900.0,131.0,360.0,1.0,1,1,5858.0,363.8888888888889,5494.111111111111
1,1,2.0,1,0,6250,5654.0,188.0,180.0,1.0,1,1,11904.0,1044.4444444444443,10859.555555555555
1,1,2.0,0,0,3273,1820.0,81.0,360.0,1.0,2,1,5093.0,225.0,4868.0
1,0,0.0,1,0,4133,0.0,122.0,360.0,1.0,1,1,4133.0,338.8888888888889,3794.1111111111113
1,0,0.0,0,0,3620,0.0,25.0,120.0,1.0,1,1,3620.0,208.33333333333334,3411.6666666666665
1,0,0.0,1,0,6782,0.0,146.41216216216216,360.0,1.0,2,0,6782.0,406.70045045045043,6375.29954954955
0,1,0.0,1,0,2484,2302.0,137.0,360.0,1.0,1,1,4786.0,380.55555555555554,4405.444444444444
1,1,0.0,1,0,1977,997.0,50.0,360.0,1.0,1,1,2974.0,138.88888888888889,2835.1111111111113
1,1,0.0,0,0,4188,0.0,115.0,180.0,1.0,1,1,4188.0,638.8888888888889,3549.1111111111113
1,1,0.0,1,0,1759,3541.0,131.0,360.0,1.0,1,1,5300.0,363.8888888888889,4936.111111111111
1,1,2.0,0,0,4288,3263.0,133.0,180.0,1.0,2,1,7551.0,738.8888888888889,6812.111111111111
1,0,0.0,1,0,4843,3806.0,151.0,360.0,1.0,1,1,8649.0,419.44444444444446,8229.555555555555
1,1,0.0,1,0,13650,0.0,146.41216216216216,360.0,1.0,2,1,13650.0,406.70045045045043,13243.299549549549
1,1,0.0,1,0,4652,3583.0,146.41216216216216,360.0,1.0,1,1,8235.0,406.70045045045043,7828.29954954955
1,1,0.0,1,0,3816,754.0,160.0,360.0,1.0,2,1,4570.0,444.44444444444446,4125.555555555556
1,1,1.0,1,0,3052,1030.0,100.0,360.0,1.0,2,1,4082.0,277.77777777777777,3804.222222222222
1,1,2.0,1,0,11417,1126.0,225.0,360.0,1.0,2,1,12543.0,625.0,11918.0
1,0,0.0,0,0,7333,0.0,120.0,360.0,1.0,0,0,7333.0,333.3333333333333,6999.666666666667
1,1,2.0,1,0,3800,3600.0,216.0,360.0,0.0,2,0,7400.0,600.0,6800.0
1,1,3.0,0,0,2071,754.0,94.0,480.0,1.0,1,1,2825.0,195.83333333333334,2629.1666666666665
1,0,0.0,1,0,5316,0.0,136.0,360.0,1.0,2,1,5316.0,377.77777777777777,4938.222222222223
0,1,0.0,1,0,2929,2333.0,139.0,360.0,1.0,1,1,5262.0,386.1111111111111,4875.888888888889
1,1,0.0,0,0,3572,4114.0,152.0,360.0,0.0,0,0,7686.0,422.22222222222223,7263.777777777777
0,0,1.0,1,1,7451,0.0,146.41216216216216,360.0,1.0,1,1,7451.0,406.70045045045043,7044.29954954955
1,0,0.0,1,0,5050,0.0,118.0,360.0,1.0,1,1,5050.0,327.77777777777777,4722.222222222223
1,1,1.0,1,0,14583,0.0,185.0,180.0,1.0,0,1,14583.0,1027.7777777777778,13555.222222222223
0,1,0.0,1,0,3167,2283.0,154.0,360.0,1.0,1,1,5450.0,427.77777777777777,5022.222222222223
1,1,1.0,1,0,2214,1398.0,85.0,360.0,1.0,2,1,3612.0,236.11111111111111,3375.8888888888887
1,1,0.0,1,0,5568,2142.0,175.0,360.0,1.0,0,0,7710.0,486.1111111111111,7223.888888888889
0,0,0.0,1,0,10408,0.0,259.0,360.0,1.0,2,1,10408.0,719.4444444444445,9688.555555555555
1,1,0.0,1,0,5667,2667.0,180.0,360.0,1.0,0,1,8334.0,500.0,7834.0
0,0,0.0,1,0,4166,0.0,44.0,360.0,1.0,1,1,4166.0,122.22222222222223,4043.777777777778
0,0,0.0,1,0,2137,8980.0,137.0,360.0,0.0,1,1,11117.0,380.55555555555554,10736.444444444445
1,1,2.0,1,0,2957,0.0,81.0,360.0,1.0,1,1,2957.0,225.0,2732.0
1,1,0.0,0,0,4300,2014.0,194.0,360.0,1.0,0,1,6314.0,538.8888888888889,5775.111111111111
0,0,0.0,1,0,3692,0.0,93.0,360.0,1.0,0,1,3692.0,258.3333333333333,3433.6666666666665
1,1,3.0,1,0,23803,0.0,370.0,360.0,1.0,0,1,23803.0,1027.7777777777778,22775.222222222223
1,0,0.0,1,0,3865,1640.0,146.41216216216216,360.0,1.0,0,1,5505.0,406.70045045045043,5098.29954954955
1,1,1.0,1,1,10513,3850.0,160.0,180.0,0.0,2,0,14363.0,888.8888888888889,13474.111111111111
1,1,0.0,1,0,6080,2569.0,182.0,360.0,1.0,0,0,8649.0,505.55555555555554,8143.444444444444
1,0,0.0,1,1,20166,0.0,650.0,480.0,1.0,2,1,20166.0,1354.1666666666667,18811.833333333332
1,0,0.0,1,0,2014,1929.0,74.0,360.0,1.0,2,1,3943.0,205.55555555555554,3737.4444444444443
1,0,0.0,1,0,2718,0.0,70.0,360.0,1.0,1,1,2718.0,194.44444444444446,2523.5555555555557
1,1,0.0,1,1,3459,0.0,25.0,120.0,1.0,1,1,3459.0,208.33333333333334,3250.6666666666665
1,0,0.0,1,0,4895,0.0,102.0,360.0,1.0,1,1,4895.0,283.3333333333333,4611.666666666667
1,1,3.0,1,0,4000,7750.0,290.0,360.0,1.0,1,0,11750.0,805.5555555555555,10944.444444444445
0,1,0.0,1,0,4583,0.0,84.0,360.0,1.0,0,0,4583.0,233.33333333333334,4349.666666666667
1,1,2.0,1,1,3316,3500.0,88.0,360.0,1.0,2,1,6816.0,244.44444444444446,6571.555555555556
1,0,0.0,1,0,14999,0.0,242.0,360.0,0.0,1,0,14999.0,672.2222222222222,14326.777777777777
1,1,2.0,0,0,4200,1430.0,129.0,360.0,1.0,0,0,5630.0,358.3333333333333,5271.666666666667
1,1,2.0,1,0,5042,2083.0,185.0,360.0,1.0,0,0,7125.0,513.8888888888889,6611.111111111111
1,0,0.0,1,0,5417,0.0,168.0,360.0,1.0,2,1,5417.0,466.6666666666667,4950.333333333333
1,0,0.0,1,1,6950,0.0,175.0,180.0,1.0,1,1,6950.0,972.2222222222222,5977.777777777777
1,1,0.0,1,0,2698,2034.0,122.0,360.0,1.0,1,1,4732.0,338.8888888888889,4393.111111111111
1,1,2.0,1,0,11757,0.0,187.0,180.0,1.0,2,1,11757.0,1038.888888888889,10718.111111111111
0,1,0.0,1,0,2330,4486.0,100.0,360.0,1.0,1,1,6816.0,277.77777777777777,6538.222222222223
0,1,2.0,1,0,14866,0.0,70.0,360.0,1.0,2,1,14866.0,194.44444444444446,14671.555555555555
1,1,1.0,1,0,1538,1425.0,30.0,360.0,1.0,2,1,2963.0,83.33333333333333,2879.6666666666665
0,0,0.0,1,0,10000,1666.0,225.0,360.0,1.0,0,0,11666.0,625.0,11041.0
1,1,0.0,1,0,4860,830.0,125.0,360.0,1.0,1,1,5690.0,347.22222222222223,5342.777777777777
1,0,0.0,1,0,6277,0.0,118.0,360.0,0.0,0,0,6277.0,327.77777777777777,5949.222222222223
1,1,0.0,1,1,2577,3750.0,152.0,360.0,1.0,0,1,6327.0,422.22222222222223,5904.777777777777
1,0,0.0,1,0,9166,0.0,244.0,360.0,1.0,2,0,9166.0,677.7777777777778,8488.222222222223
1,1,2.0,0,0,2281,0.0,113.0,360.0,1.0,0,0,2281.0,313.8888888888889,1967.111111111111
1,0,0.0,1,0,3254,0.0,50.0,360.0,1.0,2,1,3254.0,138.88888888888889,3115.1111111111113
1,1,3.0,1,0,39999,0.0,600.0,180.0,0.0,1,1,39999.0,3333.3333333333335,36665.666666666664
1,1,1.0,1,0,6000,0.0,160.0,360.0,1.0,0,1,6000.0,444.44444444444446,5555.555555555556
1,1,1.0,1,0,9538,0.0,187.0,360.0,1.0,2,1,9538.0,519.4444444444445,9018.555555555555
1,0,0.0,1,0,2980,2083.0,120.0,360.0,1.0,0,1,5063.0,333.3333333333333,4729.666666666667
1,1,0.0,1,0,4583,5625.0,255.0,360.0,1.0,1,1,10208.0,708.3333333333334,9499.666666666666
1,1,0.0,0,0,1863,1041.0,98.0,360.0,1.0,1,1,2904.0,272.22222222222223,2631.777777777778
1,1,0.0,1,0,7933,0.0,275.0,360.0,1.0,2,0,7933.0,763.8888888888889,7169.111111111111
1,1,1.0,1,0,3089,1280.0,121.0,360.0,0.0,1,0,4369.0,336.1111111111111,4032.8888888888887
1,1,2.0,1,0,4167,1447.0,158.0,360.0,1.0,0,1,5614.0,438.8888888888889,5175.111111111111
1,1,0.0,1,0,9323,0.0,75.0,180.0,1.0,2,1,9323.0,416.6666666666667,8906.333333333334
1,1,0.0,1,0,3707,3166.0,182.0,360.0,1.0,0,1,6873.0,505.55555555555554,6367.444444444444
0,1,0.0,1,0,4583,0.0,112.0,360.0,1.0,0,0,4583.0,311.1111111111111,4271.888888888889
1,1,0.0,1,0,2439,3333.0,129.0,360.0,1.0,0,1,5772.0,358.3333333333333,5413.666666666667
1,0,0.0,1,0,2237,0.0,63.0,480.0,0.0,1,0,2237.0,131.25,2105.75
1,1,2.0,1,0,8000,0.0,200.0,360.0,1.0,1,1,8000.0,555.5555555555555,7444.444444444444
1,1,0.0,0,0,1820,1769.0,95.0,360.0,1.0,0,1,3589.0,263.8888888888889,3325.1111111111113
1,1,3.0,1,0,51763,0.0,700.0,300.0,1.0,2,1,51763.0,2333.3333333333335,49429.666666666664
1,1,3.0,0,0,3522,0.0,81.0,180.0,1.0,0,0,3522.0,450.0,3072.0
1,1,0.0,1,0,5708,5625.0,187.0,360.0,1.0,1,1,11333.0,519.4444444444445,10813.555555555555
1,1,0.0,0,1,4344,736.0,87.0,360.0,1.0,1,0,5080.0,241.66666666666666,4838.333333333333
1,1,0.0,1,0,3497,1964.0,116.0,360.0,1.0,0,1,5461.0,322.22222222222223,5138.777777777777
1,1,2.0,1,0,2045,1619.0,101.0,360.0,1.0,0,1,3664.0,280.55555555555554,3383.4444444444443
1,1,3.0,1,0,5516,11300.0,495.0,360.0,0.0,1,0,16816.0,1375.0,15441.0
1,1,1.0,1,0,3750,0.0,116.0,360.0,1.0,1,1,3750.0,322.22222222222223,3427.777777777778
1,0,0.0,0,0,2333,1451.0,102.0,480.0,0.0,2,0,3784.0,212.5,3571.5
1,1,1.0,1,0,6400,7250.0,180.0,360.0,0.0,2,0,13650.0,500.0,13150.0
1,0,0.0,1,0,1916,5063.0,67.0,360.0,1.0,0,0,6979.0,186.11111111111111,6792.888888888889
1,1,0.0,1,0,4600,0.0,73.0,180.0,1.0,1,1,4600.0,405.55555555555554,4194.444444444444
1,1,1.0,1,0,33846,0.0,260.0,360.0,1.0,1,0,33846.0,722.2222222222222,33123.77777777778
0,1,0.0,1,0,3625,0.0,108.0,360.0,1.0,1,1,3625.0,300.0,3325.0
1,1,0.0,1,1,39147,4750.0,120.0,360.0,1.0,1,1,43897.0,333.3333333333333,43563.666666666664
1,1,1.0,1,1,2178,0.0,66.0,300.0,0.0,0,0,2178.0,220.0,1958.0
1,1,0.0,1,0,2383,2138.0,58.0,360.0,1.0,0,1,4521.0,161.11111111111111,4359.888888888889
1,1,0.0,1,1,674,5296.0,168.0,360.0,1.0,0,1,5970.0,466.6666666666667,5503.333333333333
1,1,0.0,1,0,9328,0.0,188.0,180.0,1.0,0,1,9328.0,1044.4444444444443,8283.555555555555
1,0,0.0,0,0,4885,0.0,48.0,360.0,1.0,0,1,4885.0,133.33333333333334,4751.666666666667
1,0,0.0,1,0,12000,0.0,164.0,360.0,1.0,1,0,12000.0,455.55555555555554,11544.444444444445
1,1,0.0,0,0,6033,0.0,160.0,360.0,1.0,2,0,6033.0,444.44444444444446,5588.555555555556
1,0,0.0,1,0,3858,0.0,76.0,360.0,1.0,1,1,3858.0,211.11111111111111,3646.8888888888887
1,0,0.0,1,0,4191,0.0,120.0,360.0,1.0,0,1,4191.0,333.3333333333333,3857.6666666666665
1,1,1.0,1,0,3125,2583.0,170.0,360.0,1.0,1,0,5708.0,472.22222222222223,5235.777777777777
1,0,0.0,1,0,8333,3750.0,187.0,360.0,1.0,0,1,12083.0,519.4444444444445,11563.555555555555
0,0,0.0,0,0,1907,2365.0,120.0,360.0,1.0,2,1,4272.0,333.3333333333333,3938.6666666666665
0,1,0.0,1,0,3416,2816.0,113.0,360.0,1.0,1,1,6232.0,313.8888888888889,5918.111111111111
1,0,0.0,1,1,11000,0.0,83.0,360.0,1.0,2,0,11000.0,230.55555555555554,10769.444444444445
1,1,1.0,0,0,2600,2500.0,90.0,360.0,1.0,1,1,5100.0,250.0,4850.0
1,0,2.0,1,0,4923,0.0,166.0,360.0,0.0,1,1,4923.0,461.1111111111111,4461.888888888889
1,1,3.0,0,0,3992,0.0,146.41216216216216,180.0,1.0,2,0,3992.0,813.4009009009009,3178.599099099099
1,1,1.0,0,0,3500,1083.0,135.0,360.0,1.0,2,1,4583.0,375.0,4208.0
1,1,2.0,0,0,3917,0.0,124.0,360.0,1.0,1,1,3917.0,344.44444444444446,3572.5555555555557
0,0,0.0,0,0,4408,0.0,120.0,360.0,1.0,1,1,4408.0,333.3333333333333,4074.6666666666665
0,0,0.0,1,0,3244,0.0,80.0,360.0,1.0,2,1,3244.0,222.22222222222223,3021.777777777778
1,0,0.0,0,0,3975,2531.0,55.0,360.0,1.0,0,1,6506.0,152.77777777777777,6353.222222222223
1,0,0.0,1,0,2479,0.0,59.0,360.0,1.0,2,1,2479.0,163.88888888888889,2315.1111111111113
1,0,0.0,1,0,3418,0.0,127.0,360.0,1.0,1,0,3418.0,352.77777777777777,3065.222222222222
0,0,0.0,1,0,10000,0.0,214.0,360.0,1.0,1,0,10000.0,594.4444444444445,9405.555555555555
1,1,3.0,1,0,3430,1250.0,128.0,360.0,0.0,1,0,4680.0,355.55555555555554,4324.444444444444
1,1,1.0,1,1,7787,0.0,240.0,360.0,1.0,2,1,7787.0,666.6666666666666,7120.333333333333
1,1,3.0,0,1,5703,0.0,130.0,360.0,1.0,0,1,5703.0,361.1111111111111,5341.888888888889
1,1,0.0,1,0,3173,3021.0,137.0,360.0,1.0,2,1,6194.0,380.55555555555554,5813.444444444444
1,1,3.0,0,0,3850,983.0,100.0,360.0,1.0,1,1,4833.0,277.77777777777777,4555.222222222223
1,1,0.0,1,0,150,1800.0,135.0,360.0,1.0,0,0,1950.0,375.0,1575.0
1,1,0.0,1,0,3727,1775.0,131.0,360.0,1.0,1,1,5502.0,363.8888888888889,5138.111111111111
1,1,2.0,1,0,5000,0.0,72.0,360.0,0.0,1,0,5000.0,200.0,4800.0
0,1,2.0,1,0,4283,2383.0,127.0,360.0,1.0,1,1,6666.0,352.77777777777777,6313.222222222223
1,1,0.0,1,0,2221,0.0,60.0,360.0,0.0,2,0,2221.0,166.66666666666666,2054.3333333333335
1,1,2.0,1,0,4009,1717.0,116.0,360.0,1.0,1,1,5726.0,322.22222222222223,5403.777777777777
1,0,0.0,1,0,2971,2791.0,144.0,360.0,1.0,1,1,5762.0,400.0,5362.0
1,1,0.0,1,0,7578,1010.0,175.0,360.0,1.0,1,1,8588.0,486.1111111111111,8101.888888888889
1,1,0.0,1,0,6250,0.0,128.0,360.0,1.0,1,1,6250.0,355.55555555555554,5894.444444444444
1,1,0.0,1,0,3250,0.0,170.0,360.0,1.0,0,0,3250.0,472.22222222222223,2777.777777777778
1,1,0.0,0,1,4735,0.0,138.0,360.0,1.0,2,0,4735.0,383.3333333333333,4351.666666666667
1,1,2.0,1,0,6250,1695.0,210.0,360.0,1.0,1,1,7945.0,583.3333333333334,7361.666666666667
1,1,0.0,1,0,4758,0.0,158.0,480.0,1.0,1,1,4758.0,329.1666666666667,4428.833333333333
1,0,0.0,1,1,6400,0.0,200.0,360.0,1.0,0,1,6400.0,555.5555555555555,5844.444444444444
1,1,1.0,1,0,2491,2054.0,104.0,360.0,1.0,1,1,4545.0,288.8888888888889,4256.111111111111
1,1,0.0,1,0,3716,0.0,42.0,180.0,1.0,0,1,3716.0,233.33333333333334,3482.6666666666665
1,0,0.0,0,0,3189,2598.0,120.0,360.0,1.0,0,1,5787.0,333.3333333333333,5453.666666666667
0,0,0.0,1,0,8333,0.0,280.0,360.0,1.0,1,1,8333.0,777.7777777777778,7555.222222222223
1,1,1.0,1,0,3155,1779.0,140.0,360.0,1.0,1,1,4934.0,388.8888888888889,4545.111111111111
1,1,1.0,1,0,5500,1260.0,170.0,360.0,1.0,0,1,6760.0,472.22222222222223,6287.777777777777
1,1,0.0,1,0,5746,0.0,255.0,360.0,1.0,2,0,5746.0,708.3333333333334,5037.666666666667
0,0,0.0,1,1,3463,0.0,122.0,360.0,1.0,2,1,3463.0,338.8888888888889,3124.1111111111113
0,0,1.0,1,0,3812,0.0,112.0,360.0,1.0,0,1,3812.0,311.1111111111111,3500.8888888888887
1,1,1.0,1,0,3315,0.0,96.0,360.0,1.0,1,1,3315.0,266.6666666666667,3048.3333333333335
1,1,2.0,1,0,5819,5000.0,120.0,360.0,1.0,0,1,10819.0,333.3333333333333,10485.666666666666
1,1,1.0,0,0,2510,1983.0,140.0,180.0,1.0,2,0,4493.0,777.7777777777778,3715.222222222222
1,0,0.0,1,0,2965,5701.0,155.0,60.0,1.0,2,1,8666.0,2583.3333333333335,6082.666666666666
1,1,2.0,1,1,6250,1300.0,108.0,360.0,1.0,0,1,7550.0,300.0,7250.0
1,1,0.0,0,0,3406,4417.0,123.0,360.0,1.0,1,1,7823.0,341.6666666666667,7481.333333333333
1,0,0.0,1,1,6050,4333.0,120.0,180.0,1.0,2,0,10383.0,666.6666666666666,9716.333333333334
1,1,2.0,1,0,9703,0.0,112.0,360.0,1.0,2,1,9703.0,311.1111111111111,9391.888888888889
1,1,1.0,0,0,6608,0.0,137.0,180.0,1.0,2,1,6608.0,761.1111111111111,5846.888888888889
1,1,1.0,1,0,2882,1843.0,123.0,480.0,1.0,1,1,4725.0,256.25,4468.75
1,1,0.0,1,0,1809,1868.0,90.0,360.0,1.0,2,1,3677.0,250.0,3427.0
1,1,0.0,0,0,1668,3890.0,201.0,360.0,0.0,1,0,5558.0,558.3333333333334,4999.666666666667
0,0,2.0,1,0,3427,0.0,138.0,360.0,1.0,2,0,3427.0,383.3333333333333,3043.6666666666665
1,0,0.0,0,1,2583,2167.0,104.0,360.0,1.0,0,1,4750.0,288.8888888888889,4461.111111111111
1,1,1.0,0,0,2661,7101.0,279.0,180.0,1.0,1,1,9762.0,1550.0,8212.0
1,0,0.0,1,1,16250,0.0,192.0,360.0,0.0,2,0,16250.0,533.3333333333334,15716.666666666666
0,0,3.0,1,0,3083,0.0,255.0,360.0,1.0,0,1,3083.0,708.3333333333334,2374.6666666666665
1,0,0.0,0,0,6045,0.0,115.0,360.0,0.0,0,0,6045.0,319.44444444444446,5725.555555555556
1,1,3.0,1,0,5250,0.0,94.0,360.0,1.0,2,0,5250.0,261.1111111111111,4988.888888888889
1,1,0.0,1,0,14683,2100.0,304.0,360.0,1.0,0,0,16783.0,844.4444444444445,15938.555555555555
1,1,3.0,0,0,4931,0.0,128.0,360.0,1.0,1,0,4931.0,355.55555555555554,4575.444444444444
1,1,1.0,1,0,6083,4250.0,330.0,360.0,1.0,2,1,10333.0,916.6666666666666,9416.333333333334
1,0,0.0,1,0,2060,2209.0,134.0,360.0,1.0,1,1,4269.0,372.22222222222223,3896.777777777778
0,0,1.0,1,0,3481,0.0,155.0,36.0,1.0,1,0,3481.0,4305.555555555556,-824.5555555555557
0,0,0.0,1,0,7200,0.0,120.0,360.0,1.0,0,1,7200.0,333.3333333333333,6866.666666666667
1,0,0.0,1,1,5166,0.0,128.0,360.0,1.0,1,1,5166.0,355.55555555555554,4810.444444444444
1,0,0.0,1,0,4095,3447.0,151.0,360.0,1.0,0,1,7542.0,419.44444444444446,7122.555555555556
1,1,2.0,1,0,4708,1387.0,150.0,360.0,1.0,1,1,6095.0,416.6666666666667,5678.333333333333
1,1,3.0,1,0,4333,1811.0,160.0,360.0,0.0,2,1,6144.0,444.44444444444446,5699.555555555556
0,0,0.0,1,0,3418,0.0,135.0,360.0,1.0,0,0,3418.0,375.0,3043.0
0,0,1.0,1,0,2876,1560.0,90.0,360.0,1.0,2,1,4436.0,250.0,4186.0
0,0,0.0,1,0,3237,0.0,30.0,360.0,1.0,2,1,3237.0,83.33333333333333,3153.6666666666665
1,1,0.0,1,0,11146,0.0,136.0,360.0,1.0,2,1,11146.0,377.77777777777777,10768.222222222223
1,0,0.0,1,0,2833,1857.0,126.0,360.0,1.0,0,1,4690.0,350.0,4340.0
1,1,0.0,1,0,2620,2223.0,150.0,360.0,1.0,1,1,4843.0,416.6666666666667,4426.333333333333
1,1,2.0,1,0,3900,0.0,90.0,360.0,1.0,1,1,3900.0,250.0,3650.0
1,1,1.0,1,0,2750,1842.0,115.0,360.0,1.0,1,1,4592.0,319.44444444444446,4272.555555555556
1,1,0.0,1,0,3993,3274.0,207.0,360.0,1.0,1,1,7267.0,575.0,6692.0
1,1,0.0,1,0,3103,1300.0,80.0,360.0,1.0,2,1,4403.0,222.22222222222223,4180.777777777777
1,1,0.0,1,0,14583,0.0,436.0,360.0,1.0,1,1,14583.0,1211.111111111111,13371.888888888889
0,1,0.0,0,0,4100,0.0,124.0,360.0,1.0,0,1,4100.0,344.44444444444446,3755.5555555555557
1,0,1.0,0,1,4053,2426.0,158.0,360.0,0.0,2,0,6479.0,438.8888888888889,6040.111111111111
1,1,0.0,1,0,3927,800.0,112.0,360.0,1.0,1,1,4727.0,311.1111111111111,4415.888888888889
1,1,2.0,1,0,2301,985.7999878,78.0,180.0,1.0,2,1,3286.7999878,433.3333333333333,2853.4666544666666
0,0,0.0,1,0,1811,1666.0,54.0,360.0,1.0,2,1,3477.0,150.0,3327.0
1,1,0.0,1,0,20667,0.0,146.41216216216216,360.0,1.0,0,0,20667.0,406.70045045045043,20260.29954954955
1,0,0.0,1,0,3158,3053.0,89.0,360.0,1.0,0,1,6211.0,247.22222222222223,5963.777777777777
0,0,0.0,1,1,2600,1717.0,99.0,300.0,1.0,1,0,4317.0,330.0,3987.0
1,1,0.0,1,0,3704,2000.0,120.0,360.0,1.0,0,1,5704.0,333.3333333333333,5370.666666666667
0,0,0.0,1,0,4124,0.0,115.0,360.0,1.0,1,1,4124.0,319.44444444444446,3804.5555555555557
1,0,0.0,1,0,9508,0.0,187.0,360.0,1.0,0,1,9508.0,519.4444444444445,8988.555555555555
1,1,0.0,1,0,3075,2416.0,139.0,360.0,1.0,0,1,5491.0,386.1111111111111,5104.888888888889
1,1,2.0,1,0,4400,0.0,127.0,360.0,0.0,1,0,4400.0,352.77777777777777,4047.222222222222
1,1,2.0,1,0,3153,1560.0,134.0,360.0,1.0,2,1,4713.0,372.22222222222223,4340.777777777777
0,0,0.0,1,0,5417,0.0,143.0,480.0,0.0,2,0,5417.0,297.9166666666667,5119.083333333333
1,1,0.0,1,0,2383,3334.0,172.0,360.0,1.0,1,1,5717.0,477.77777777777777,5239.222222222223
1,1,3.0,1,0,4416,1250.0,110.0,360.0,1.0,2,1,5666.0,305.55555555555554,5360.444444444444
1,1,1.0,1,0,6875,0.0,200.0,360.0,1.0,1,1,6875.0,555.5555555555555,6319.444444444444
0,1,1.0,1,0,4666,0.0,135.0,360.0,1.0,2,1,4666.0,375.0,4291.0
0,0,0.0,1,0,5000,2541.0,151.0,480.0,1.0,0,0,7541.0,314.5833333333333,7226.416666666667
1,1,1.0,1,0,2014,2925.0,113.0,360.0,1.0,2,0,4939.0,313.8888888888889,4625.111111111111
1,1,0.0,0,0,1800,2934.0,93.0,360.0,0.0,2,0,4734.0,258.3333333333333,4475.666666666667
1,1,0.0,0,0,2875,1750.0,105.0,360.0,1.0,1,1,4625.0,291.6666666666667,4333.333333333333
0,0,0.0,1,0,5000,0.0,132.0,360.0,1.0,0,1,5000.0,366.6666666666667,4633.333333333333
1,1,1.0,1,0,1625,1803.0,96.0,360.0,1.0,2,1,3428.0,266.6666666666667,3161.3333333333335
1,0,0.0,1,0,4000,2500.0,140.0,360.0,1.0,0,1,6500.0,388.8888888888889,6111.111111111111
1,0,0.0,0,0,2000,0.0,146.41216216216216,360.0,1.0,2,0,2000.0,406.70045045045043,1593.2995495495495
0,0,0.0,1,0,3762,1666.0,135.0,360.0,1.0,0,1,5428.0,375.0,5053.0
0,0,0.0,1,0,2400,1863.0,104.0,360.0,0.0,2,0,4263.0,288.8888888888889,3974.1111111111113
1,0,0.0,1,0,20233,0.0,480.0,360.0,1.0,0,0,20233.0,1333.3333333333333,18899.666666666668
1,1,2.0,0,0,7667,0.0,185.0,360.0,1.0,0,1,7667.0,513.8888888888889,7153.111111111111
0,0,0.0,1,0,2917,0.0,84.0,360.0,1.0,1,1,2917.0,233.33333333333334,2683.6666666666665
1,0,0.0,0,0,2927,2405.0,111.0,360.0,1.0,1,1,5332.0,308.3333333333333,5023.666666666667
0,0,0.0,1,0,2507,0.0,56.0,360.0,1.0,0,1,2507.0,155.55555555555554,2351.4444444444443
1,1,2.0,1,1,5746,0.0,144.0,84.0,1.0,0,1,5746.0,1714.2857142857142,4031.714285714286
1,1,0.0,1,0,2473,1843.0,159.0,360.0,1.0,0,0,4316.0,441.6666666666667,3874.3333333333335
1,1,1.0,0,0,3399,1640.0,111.0,180.0,1.0,2,1,5039.0,616.6666666666666,4422.333333333333
1,1,2.0,1,0,3717,0.0,120.0,360.0,1.0,1,1,3717.0,333.3333333333333,3383.6666666666665
1,1,0.0,1,0,2058,2134.0,88.0,360.0,1.0,2,1,4192.0,244.44444444444446,3947.5555555555557
0,0,1.0,1,0,3541,0.0,112.0,360.0,1.0,1,1,3541.0,311.1111111111111,3229.8888888888887
1,1,1.0,1,1,10000,0.0,155.0,360.0,1.0,0,0,10000.0,430.55555555555554,9569.444444444445
1,1,0.0,1,0,2400,2167.0,115.0,360.0,1.0,1,1,4567.0,319.44444444444446,4247.555555555556
1,1,3.0,1,0,4342,189.0,124.0,360.0,1.0,1,1,4531.0,344.44444444444446,4186.555555555556
1,1,2.0,0,0,3601,1590.0,146.41216216216216,360.0,1.0,0,1,5191.0,406.70045045045043,4784.29954954955
0,0,0.0,1,0,3166,2985.0,132.0,360.0,1.0,0,1,6151.0,366.6666666666667,5784.333333333333
1,1,3.0,1,0,15000,0.0,300.0,360.0,1.0,0,1,15000.0,833.3333333333334,14166.666666666666
1,1,1.0,1,1,8666,4983.0,376.0,360.0,0.0,0,0,13649.0,1044.4444444444443,12604.555555555555
1,0,0.0,1,0,4917,0.0,130.0,360.0,0.0,0,1,4917.0,361.1111111111111,4555.888888888889
1,1,0.0,1,1,5818,2160.0,184.0,360.0,1.0,1,1,7978.0,511.1111111111111,7466.888888888889
0,1,0.0,1,0,4333,2451.0,110.0,360.0,1.0,2,0,6784.0,305.55555555555554,6478.444444444444
0,0,0.0,1,0,2500,0.0,67.0,360.0,1.0,2,1,2500.0,186.11111111111111,2313.8888888888887
1,0,1.0,1,0,4384,1793.0,117.0,360.0,1.0,2,1,6177.0,325.0,5852.0
1,0,0.0,1,0,2935,0.0,98.0,360.0,1.0,1,1,2935.0,272.22222222222223,2662.777777777778
1,0,0.0,1,0,2833,0.0,71.0,360.0,1.0,2,1,2833.0,197.22222222222223,2635.777777777778
1,1,0.0,1,0,63337,0.0,490.0,180.0,1.0,2,1,63337.0,2722.222222222222,60614.77777777778
1,1,1.0,1,1,9833,1833.0,182.0,180.0,1.0,2,1,11666.0,1011.1111111111111,10654.888888888889
1,1,0.0,1,1,5503,4490.0,70.0,360.0,1.0,1,1,9993.0,194.44444444444446,9798.555555555555
1,1,1.0,1,0,5250,688.0,160.0,360.0,1.0,0,1,5938.0,444.44444444444446,5493.555555555556
1,1,2.0,1,1,2500,4600.0,176.0,360.0,1.0,0,1,7100.0,488.8888888888889,6611.111111111111
0,0,3.0,0,0,1830,0.0,146.41216216216216,360.0,0.0,2,0,1830.0,406.70045045045043,1423.2995495495495
0,0,0.0,1,0,4160,0.0,71.0,360.0,1.0,1,1,4160.0,197.22222222222223,3962.777777777778
1,1,3.0,0,0,2647,1587.0,173.0,360.0,1.0,0,0,4234.0,480.55555555555554,3753.4444444444443
0,0,0.0,1,0,2378,0.0,46.0,360.0,1.0,0,0,2378.0,127.77777777777777,2250.222222222222
1,1,1.0,0,0,4554,1229.0,158.0,360.0,1.0,2,1,5783.0,438.8888888888889,5344.111111111111
1,1,3.0,0,0,3173,0.0,74.0,360.0,1.0,1,1,3173.0,205.55555555555554,2967.4444444444443
1,1,2.0,1,0,2583,2330.0,125.0,360.0,1.0,0,1,4913.0,347.22222222222223,4565.777777777777
1,1,0.0,1,0,2499,2458.0,160.0,360.0,1.0,1,1,4957.0,444.44444444444446,4512.555555555556
1,1,0.0,0,0,3523,3230.0,152.0,360.0,0.0,0,0,6753.0,422.22222222222223,6330.777777777777
1,1,2.0,0,0,3083,2168.0,126.0,360.0,1.0,2,1,5251.0,350.0,4901.0
1,1,0.0,1,0,6333,4583.0,259.0,360.0,1.0,1,1,10916.0,719.4444444444445,10196.555555555555
1,1,0.0,1,0,2625,6250.0,187.0,360.0,1.0,0,1,8875.0,519.4444444444445,8355.555555555555
1,1,0.0,1,0,9083,0.0,228.0,360.0,1.0,1,1,9083.0,633.3333333333334,8449.666666666666
1,0,0.0,1,0,8750,4167.0,308.0,360.0,1.0,0,0,12917.0,855.5555555555555,12061.444444444445
1,1,3.0,1,0,2666,2083.0,95.0,360.0,1.0,0,1,4749.0,263.8888888888889,4485.111111111111
0,1,0.0,1,1,5500,0.0,105.0,360.0,0.0,0,0,5500.0,291.6666666666667,5208.333333333333
0,1,0.0,1,0,2423,505.0,130.0,360.0,1.0,1,1,2928.0,361.1111111111111,2566.8888888888887
0,0,0.0,1,0,3813,0.0,116.0,180.0,1.0,2,1,3813.0,644.4444444444445,3168.5555555555557
1,1,2.0,1,0,8333,3167.0,165.0,360.0,1.0,0,1,11500.0,458.3333333333333,11041.666666666666
1,1,1.0,1,0,3875,0.0,67.0,360.0,1.0,2,0,3875.0,186.11111111111111,3688.8888888888887
1,1,0.0,0,0,3000,1666.0,100.0,480.0,0.0,2,0,4666.0,208.33333333333334,4457.666666666667
1,1,3.0,1,0,5167,3167.0,200.0,360.0,1.0,1,1,8334.0,555.5555555555555,7778.444444444444
0,0,1.0,1,0,4723,0.0,81.0,360.0,1.0,1,0,4723.0,225.0,4498.0
1,1,2.0,1,0,5000,3667.0,236.0,360.0,1.0,1,1,8667.0,655.5555555555555,8011.444444444444
1,1,0.0,1,0,4750,2333.0,130.0,360.0,1.0,2,1,7083.0,361.1111111111111,6721.888888888889
1,1,0.0,1,0,3013,3033.0,95.0,300.0,1.0,2,1,6046.0,316.6666666666667,5729.333333333333
1,0,0.0,1,1,6822,0.0,141.0,360.0,1.0,0,1,6822.0,391.6666666666667,6430.333333333333
1,0,0.0,0,0,6216,0.0,133.0,360.0,1.0,0,0,6216.0,369.44444444444446,5846.555555555556
1,0,0.0,1,0,2500,0.0,96.0,480.0,1.0,1,0,2500.0,200.0,2300.0
1,0,0.0,1,0,5124,0.0,124.0,360.0,0.0,0,0,5124.0,344.44444444444446,4779.555555555556
1,1,1.0,1,0,6325,0.0,175.0,360.0,1.0,1,1,6325.0,486.1111111111111,5838.888888888889
1,1,0.0,1,0,19730,5266.0,570.0,360.0,1.0,0,0,24996.0,1583.3333333333333,23412.666666666668
0,0,0.0,1,1,15759,0.0,55.0,360.0,1.0,1,1,15759.0,152.77777777777777,15606.222222222223
1,1,2.0,1,0,5185,0.0,155.0,360.0,1.0,1,1,5185.0,430.55555555555554,4754.444444444444
1,1,2.0,1,1,9323,7873.0,380.0,300.0,1.0,0,1,17196.0,1266.6666666666667,15929.333333333334
1,0,1.0,1,0,3062,1987.0,111.0,180.0,0.0,2,0,5049.0,616.6666666666666,4432.333333333333
0,0,0.0,1,0,2764,1459.0,110.0,360.0,1.0,2,1,4223.0,305.55555555555554,3917.4444444444443
1,1,0.0,1,0,4817,923.0,120.0,180.0,1.0,2,1,5740.0,666.6666666666666,5073.333333333333
1,1,3.0,1,0,8750,4996.0,130.0,360.0,1.0,0,1,13746.0,361.1111111111111,13384.888888888889
1,1,0.0,1,0,4310,0.0,130.0,360.0,1.0,1,1,4310.0,361.1111111111111,3948.8888888888887
1,0,0.0,1,0,3069,0.0,71.0,480.0,1.0,2,0,3069.0,147.91666666666666,2921.0833333333335
1,1,2.0,1,0,5391,0.0,130.0,360.0,1.0,2,1,5391.0,361.1111111111111,5029.888888888889
1,1,0.0,1,0,3333,2500.0,128.0,360.0,1.0,1,1,5833.0,355.55555555555554,5477.444444444444
1,0,0.0,1,0,5941,4232.0,296.0,360.0,1.0,1,1,10173.0,822.2222222222222,9350.777777777777
0,0,0.0,1,0,6000,0.0,156.0,360.0,1.0,2,1,6000.0,433.3333333333333,5566.666666666667
1,0,0.0,1,1,7167,0.0,128.0,360.0,1.0,2,1,7167.0,355.55555555555554,6811.444444444444
1,1,2.0,1,0,4566,0.0,100.0,360.0,1.0,2,0,4566.0,277.77777777777777,4288.222222222223
1,0,1.0,1,0,3667,0.0,113.0,180.0,1.0,2,1,3667.0,627.7777777777778,3039.222222222222
1,0,0.0,0,0,2346,1600.0,132.0,360.0,1.0,1,1,3946.0,366.6666666666667,3579.3333333333335
1,1,0.0,0,0,3010,3136.0,146.41216216216216,360.0,0.0,2,0,6146.0,406.70045045045043,5739.29954954955
1,1,0.0,1,0,2333,2417.0,136.0,360.0,1.0,2,1,4750.0,377.77777777777777,4372.222222222223
1,1,0.0,1,0,5488,0.0,125.0,360.0,1.0,0,1,5488.0,347.22222222222223,5140.777777777777
1,0,3.0,1,0,9167,0.0,185.0,360.0,1.0,0,1,9167.0,513.8888888888889,8653.111111111111
1,1,3.0,1,0,9504,0.0,275.0,360.0,1.0,0,1,9504.0,763.8888888888889,8740.111111111111
1,1,0.0,1,0,2583,2115.0,120.0,360.0,1.0,2,1,4698.0,333.3333333333333,4364.666666666667
1,1,2.0,0,0,1993,1625.0,113.0,180.0,1.0,1,1,3618.0,627.7777777777778,2990.222222222222
1,1,2.0,1,0,3100,1400.0,113.0,360.0,1.0,2,1,4500.0,313.8888888888889,4186.111111111111
1,1,2.0,1,0,3276,484.0,135.0,360.0,1.0,1,1,3760.0,375.0,3385.0
0,0,0.0,1,0,3180,0.0,71.0,360.0,0.0,2,0,3180.0,197.22222222222223,2982.777777777778
1,1,0.0,1,0,3033,1459.0,95.0,360.0,1.0,2,1,4492.0,263.8888888888889,4228.111111111111
1,0,0.0,0,0,3902,1666.0,109.0,360.0,1.0,0,1,5568.0,302.77777777777777,5265.222222222223
0,0,0.0,1,0,1500,1800.0,103.0,360.0,0.0,1,0,3300.0,286.1111111111111,3013.8888888888887
1,1,2.0,0,0,2889,0.0,45.0,180.0,0.0,2,0,2889.0,250.0,2639.0
1,0,0.0,0,0,2755,0.0,65.0,300.0,1.0,0,0,2755.0,216.66666666666666,2538.3333333333335
1,0,0.0,1,0,2500,20000.0,103.0,360.0,1.0,1,1,22500.0,286.1111111111111,22213.88888888889
0,0,0.0,0,0,1963,0.0,53.0,360.0,1.0,1,1,1963.0,147.22222222222223,1815.7777777777778
0,0,0.0,1,1,7441,0.0,194.0,360.0,1.0,0,0,7441.0,538.8888888888889,6902.111111111111
0,0,0.0,1,0,4547,0.0,115.0,360.0,1.0,1,1,4547.0,319.44444444444446,4227.555555555556
1,1,0.0,0,0,2167,2400.0,115.0,360.0,1.0,2,1,4567.0,319.44444444444446,4247.555555555556
0,0,0.0,0,0,2213,0.0,66.0,360.0,1.0,0,1,2213.0,183.33333333333334,2029.6666666666667
1,1,1.0,1,0,8300,0.0,152.0,300.0,0.0,1,0,8300.0,506.6666666666667,7793.333333333333
1,1,3.0,1,0,81000,0.0,360.0,360.0,0.0,0,0,81000.0,1000.0,80000.0
0,0,1.0,0,1,3867,0.0,62.0,360.0,1.0,1,0,3867.0,172.22222222222223,3694.777777777778
1,1,0.0,1,0,6256,0.0,160.0,360.0,1.0,2,1,6256.0,444.44444444444446,5811.555555555556
1,1,0.0,0,0,6096,0.0,218.0,360.0,0.0,0,0,6096.0,605.5555555555555,5490.444444444444
1,1,0.0,0,0,2253,2033.0,110.0,360.0,1.0,0,1,4286.0,305.55555555555554,3980.4444444444443
0,1,0.0,0,0,2149,3237.0,178.0,360.0,0.0,1,0,5386.0,494.44444444444446,4891.555555555556
0,0,0.0,1,0,2995,0.0,60.0,360.0,1.0,2,1,2995.0,166.66666666666666,2828.3333333333335
0,0,1.0,1,0,2600,0.0,160.0,360.0,1.0,2,0,2600.0,444.44444444444446,2155.5555555555557
1,1,2.0,1,1,1600,20000.0,239.0,360.0,1.0,2,0,21600.0,663.8888888888889,20936.11111111111
1,1,0.0,1,0,1025,2773.0,112.0,360.0,1.0,0,1,3798.0,311.1111111111111,3486.8888888888887
1,1,0.0,1,0,3246,1417.0,138.0,360.0,1.0,1,1,4663.0,383.3333333333333,4279.666666666667
1,1,0.0,1,0,5829,0.0,138.0,360.0,1.0,0,1,5829.0,383.3333333333333,5445.666666666667
0,0,0.0,0,0,2720,0.0,80.0,360.0,0.0,2,0,2720.0,222.22222222222223,2497.777777777778
1,1,0.0,1,0,1820,1719.0,100.0,360.0,1.0,2,1,3539.0,277.77777777777777,3261.222222222222
1,1,1.0,1,0,7250,1667.0,110.0,360.0,0.0,2,0,8917.0,305.55555555555554,8611.444444444445
1,1,0.0,1,0,14880,0.0,96.0,360.0,1.0,1,1,14880.0,266.6666666666667,14613.333333333334
1,1,0.0,1,0,2666,4300.0,121.0,360.0,1.0,0,1,6966.0,336.1111111111111,6629.888888888889
0,0,1.0,0,0,4606,0.0,81.0,360.0,1.0,0,0,4606.0,225.0,4381.0
1,1,2.0,1,0,5935,0.0,133.0,360.0,1.0,1,1,5935.0,369.44444444444446,5565.555555555556
1,1,0.0,1,0,2920,16.12000084,87.0,360.0,1.0,0,1,2936.12000084,241.66666666666666,2694.4533341733336
1,0,0.0,0,0,2717,0.0,60.0,180.0,1.0,2,1,2717.0,333.3333333333333,2383.6666666666665
0,0,1.0,1,1,8624,0.0,150.0,360.0,1.0,1,1,8624.0,416.6666666666667,8207.333333333334
1,0,0.0,1,0,6500,0.0,105.0,360.0,0.0,0,0,6500.0,291.6666666666667,6208.333333333333
1,0,0.0,1,0,12876,0.0,405.0,360.0,1.0,1,1,12876.0,1125.0,11751.0
1,1,0.0,1,0,2425,2340.0,143.0,360.0,1.0,1,1,4765.0,397.22222222222223,4367.777777777777
1,0,0.0,1,0,3750,0.0,100.0,360.0,1.0,2,1,3750.0,277.77777777777777,3472.222222222222
0,1,0.0,1,0,10047,0.0,146.41216216216216,240.0,1.0,1,1,10047.0,610.0506756756756,9436.949324324325
1,0,0.0,1,0,1926,1851.0,50.0,360.0,1.0,1,1,3777.0,138.88888888888889,3638.1111111111113
1,1,0.0,1,0,2213,1125.0,146.41216216216216,360.0,1.0,2,1,3338.0,406.70045045045043,2931.2995495495497
1,0,0.0,1,1,10416,0.0,187.0,360.0,0.0,2,0,10416.0,519.4444444444445,9896.555555555555
0,1,0.0,0,1,7142,0.0,138.0,360.0,1.0,0,1,7142.0,383.3333333333333,6758.666666666667
1,0,0.0,1,0,3660,5064.0,187.0,360.0,1.0,1,1,8724.0,519.4444444444445,8204.555555555555
1,1,0.0,1,0,7901,1833.0,180.0,360.0,1.0,0,1,9734.0,500.0,9234.0
1,0,3.0,0,0,4707,1993.0,148.0,360.0,1.0,1,1,6700.0,411.1111111111111,6288.888888888889
1,0,1.0,1,0,37719,0.0,152.0,360.0,1.0,1,1,37719.0,422.22222222222223,37296.77777777778
1,1,0.0,1,0,7333,8333.0,175.0,300.0,1.0,0,1,15666.0,583.3333333333334,15082.666666666666
1,1,1.0,1,1,3466,1210.0,130.0,360.0,1.0,0,1,4676.0,361.1111111111111,4314.888888888889
1,1,2.0,0,0,4652,0.0,110.0,360.0,1.0,0,1,4652.0,305.55555555555554,4346.444444444444
1,1,0.0,1,0,3539,1376.0,55.0,360.0,1.0,0,0,4915.0,152.77777777777777,4762.222222222223
1,1,2.0,1,0,3340,1710.0,150.0,360.0,0.0,0,0,5050.0,416.6666666666667,4633.333333333333
1,0,1.0,0,1,2769,1542.0,190.0,360.0,1.0,1,0,4311.0,527.7777777777778,3783.222222222222
1,1,2.0,0,0,2309,1255.0,125.0,360.0,0.0,0,0,3564.0,347.22222222222223,3216.777777777778
1,1,2.0,0,0,1958,1456.0,60.0,300.0,1.0,2,1,3414.0,200.0,3214.0
1,1,0.0,1,0,3948,1733.0,149.0,360.0,0.0,0,0,5681.0,413.8888888888889,5267.111111111111
1,1,0.0,1,0,2483,2466.0,90.0,180.0,0.0,0,1,4949.0,500.0,4449.0
1,0,0.0,1,1,7085,0.0,84.0,360.0,1.0,1,1,7085.0,233.33333333333334,6851.666666666667
1,1,2.0,1,0,3859,0.0,96.0,360.0,1.0,1,1,3859.0,266.6666666666667,3592.3333333333335
1,1,0.0,1,0,4301,0.0,118.0,360.0,1.0,2,1,4301.0,327.77777777777777,3973.222222222222
1,1,0.0,1,0,3708,2569.0,173.0,360.0,1.0,2,0,6277.0,480.55555555555554,5796.444444444444
1,0,2.0,1,0,4354,0.0,136.0,360.0,1.0,0,1,4354.0,377.77777777777777,3976.222222222222
1,1,0.0,1,0,8334,0.0,160.0,360.0,1.0,1,0,8334.0,444.44444444444446,7889.555555555556
1,1,0.0,1,1,2083,4083.0,160.0,360.0,1.0,1,1,6166.0,444.44444444444446,5721.555555555556
1,1,3.0,1,0,7740,0.0,128.0,180.0,1.0,2,1,7740.0,711.1111111111111,7028.888888888889
1,1,0.0,1,0,3015,2188.0,153.0,360.0,1.0,0,1,5203.0,425.0,4778.0
0,0,1.0,0,0,5191,0.0,132.0,360.0,1.0,1,1,5191.0,366.6666666666667,4824.333333333333
1,0,0.0,1,0,4166,0.0,98.0,360.0,0.0,1,0,4166.0,272.22222222222223,3893.777777777778
1,0,0.0,1,0,6000,0.0,140.0,360.0,1.0,0,1,6000.0,388.8888888888889,5611.111111111111
1,1,3.0,0,0,2947,1664.0,70.0,180.0,0.0,2,0,4611.0,388.8888888888889,4222.111111111111
1,1,0.0,1,0,16692,0.0,110.0,360.0,1.0,1,1,16692.0,305.55555555555554,16386.444444444445
0,1,2.0,0,0,210,2917.0,98.0,360.0,1.0,1,1,3127.0,272.22222222222223,2854.777777777778
1,1,0.0,1,0,4333,2451.0,110.0,360.0,1.0,2,0,6784.0,305.55555555555554,6478.444444444444
1,1,1.0,1,1,3450,2079.0,162.0,360.0,1.0,1,1,5529.0,450.0,5079.0
1,1,1.0,0,0,2653,1500.0,113.0,180.0,0.0,0,0,4153.0,627.7777777777778,3525.222222222222
1,1,3.0,1,0,4691,0.0,100.0,360.0,1.0,1,1,4691.0,277.77777777777777,4413.222222222223
0,0,0.0,1,1,2500,0.0,93.0,360.0,1.0,2,1,2500.0,258.3333333333333,2241.6666666666665
1,0,2.0,1,0,5532,4648.0,162.0,360.0,1.0,0,1,10180.0,450.0,9730.0
1,1,2.0,1,1,16525,1014.0,150.0,360.0,1.0,0,1,17539.0,416.6666666666667,17122.333333333332
1,1,2.0,1,0,6700,1750.0,230.0,300.0,1.0,1,1,8450.0,766.6666666666666,7683.333333333333
1,1,2.0,1,0,2873,1872.0,132.0,360.0,0.0,1,0,4745.0,366.6666666666667,4378.333333333333
1,1,1.0,1,1,16667,2250.0,86.0,360.0,1.0,1,1,18917.0,238.88888888888889,18678.11111111111
1,1,2.0,1,0,2947,1603.0,146.41216216216216,360.0,1.0,2,0,4550.0,406.70045045045043,4143.29954954955
0,0,0.0,0,0,4350,0.0,154.0,360.0,1.0,0,1,4350.0,427.77777777777777,3922.222222222222
1,1,3.0,0,0,3095,0.0,113.0,360.0,1.0,0,1,3095.0,313.8888888888889,2781.1111111111113
1,1,0.0,1,0,2083,3150.0,128.0,360.0,1.0,1,1,5233.0,355.55555555555554,4877.444444444444
1,1,0.0,1,0,10833,0.0,234.0,360.0,1.0,1,1,10833.0,650.0,10183.0
1,1,2.0,1,0,8333,0.0,246.0,360.0,1.0,1,1,8333.0,683.3333333333334,7649.666666666667
1,1,1.0,0,0,1958,2436.0,131.0,360.0,1.0,0,1,4394.0,363.8888888888889,4030.1111111111113
1,0,2.0,1,0,3547,0.0,80.0,360.0,0.0,0,0,3547.0,222.22222222222223,3324.777777777778
1,1,1.0,1,0,18333,0.0,500.0,360.0,1.0,2,0,18333.0,1388.888888888889,16944.11111111111
1,1,2.0,1,1,4583,2083.0,160.0,360.0,1.0,1,1,6666.0,444.44444444444446,6221.555555555556
1,0,0.0,1,0,2435,0.0,75.0,360.0,1.0,2,0,2435.0,208.33333333333334,2226.6666666666665
1,0,0.0,0,0,2699,2785.0,96.0,360.0,1.0,1,1,5484.0,266.6666666666667,5217.333333333333
1,1,1.0,0,0,5333,1131.0,186.0,360.0,1.0,2,1,6464.0,516.6666666666666,5947.333333333333
1,0,0.0,0,0,3691,0.0,110.0,360.0,1.0,0,1,3691.0,305.55555555555554,3385.4444444444443
0,0,0.0,0,1,17263,0.0,225.0,360.0,1.0,1,1,17263.0,625.0,16638.0
1,1,0.0,1,0,3597,2157.0,119.0,360.0,0.0,0,0,5754.0,330.55555555555554,5423.444444444444
0,1,1.0,1,0,3326,913.0,105.0,84.0,1.0,1,1,4239.0,1250.0,2989.0
1,1,0.0,0,0,2600,1700.0,107.0,360.0,1.0,0,1,4300.0,297.22222222222223,4002.777777777778
1,1,0.0,1,0,4625,2857.0,111.0,12.0,1.0,2,1,7482.0,9250.0,-1768.0
1,1,1.0,1,1,2895,0.0,95.0,360.0,1.0,1,1,2895.0,263.8888888888889,2631.1111111111113
1,0,0.0,1,0,6283,4416.0,209.0,360.0,0.0,0,0,10699.0,580.5555555555555,10118.444444444445
0,0,0.0,1,0,645,3683.0,113.0,480.0,1.0,0,1,4328.0,235.41666666666666,4092.5833333333335
0,0,0.0,1,0,3159,0.0,100.0,360.0,1.0,1,1,3159.0,277.77777777777777,2881.222222222222
1,1,2.0,1,0,4865,5624.0,208.0,360.0,1.0,1,1,10489.0,577.7777777777778,9911.222222222223
1,1,1.0,0,0,4050,5302.0,138.0,360.0,1.0,0,0,9352.0,383.3333333333333,8968.666666666666
1,1,0.0,0,0,3814,1483.0,124.0,300.0,1.0,1,1,5297.0,413.3333333333333,4883.666666666667
1,1,2.0,1,0,3510,4416.0,243.0,360.0,1.0,0,1,7926.0,675.0,7251.0
1,1,0.0,1,0,20833,6667.0,480.0,360.0,1.0,2,1,27500.0,1333.3333333333333,26166.666666666668
1,0,0.0,1,0,3583,0.0,96.0,360.0,1.0,2,0,3583.0,266.6666666666667,3316.3333333333335
1,1,0.0,1,1,2479,3013.0,188.0,360.0,1.0,2,1,5492.0,522.2222222222222,4969.777777777777
0,0,1.0,1,0,13262,0.0,40.0,360.0,1.0,2,1,13262.0,111.11111111111111,13150.888888888889
1,0,0.0,0,0,3598,1287.0,100.0,360.0,1.0,0,0,4885.0,277.77777777777777,4607.222222222223
1,1,1.0,1,0,6065,2004.0,250.0,360.0,1.0,1,1,8069.0,694.4444444444445,7374.555555555556
1,1,2.0,1,0,3283,2035.0,148.0,360.0,1.0,2,1,5318.0,411.1111111111111,4906.888888888889
1,1,0.0,1,0,2130,6666.0,70.0,180.0,1.0,1,0,8796.0,388.8888888888889,8407.111111111111
1,0,0.0,1,0,5815,3666.0,311.0,360.0,1.0,0,0,9481.0,863.8888888888889,8617.111111111111
1,1,3.0,1,0,3466,3428.0,150.0,360.0,1.0,0,1,6894.0,416.6666666666667,6477.333333333333
0,1,2.0,1,0,2031,1632.0,113.0,480.0,1.0,1,1,3663.0,235.41666666666666,3427.5833333333335
1,1,0.0,0,0,3074,1800.0,123.0,360.0,0.0,1,0,4874.0,341.6666666666667,4532.333333333333
1,0,0.0,1,0,4683,1915.0,185.0,360.0,1.0,1,0,6598.0,513.8888888888889,6084.111111111111
0,0,0.0,0,0,3400,0.0,95.0,360.0,1.0,0,0,3400.0,263.8888888888889,3136.1111111111113
1,1,2.0,0,0,2192,1742.0,45.0,360.0,1.0,1,1,3934.0,125.0,3809.0
1,0,0.0,1,0,2500,0.0,55.0,360.0,1.0,1,1,2500.0,152.77777777777777,2347.222222222222
1,1,3.0,1,1,5677,1424.0,100.0,360.0,1.0,0,1,7101.0,277.77777777777777,6823.222222222223
1,1,2.0,1,1,7948,7166.0,480.0,360.0,1.0,0,1,15114.0,1333.3333333333333,13780.666666666666
1,0,0.0,1,0,4680,2087.0,146.41216216216216,360.0,1.0,1,0,6767.0,406.70045045045043,6360.29954954955
1,1,2.0,1,1,17500,0.0,400.0,360.0,1.0,0,1,17500.0,1111.111111111111,16388.88888888889
1,1,0.0,1,0,3775,0.0,110.0,360.0,1.0,1,1,3775.0,305.55555555555554,3469.4444444444443
1,1,1.0,0,0,5285,1430.0,161.0,360.0,0.0,1,1,6715.0,447.22222222222223,6267.777777777777
1,0,1.0,0,0,2679,1302.0,94.0,360.0,1.0,1,1,3981.0,261.1111111111111,3719.8888888888887
1,0,0.0,0,0,6783,0.0,130.0,360.0,1.0,1,1,6783.0,361.1111111111111,6421.888888888889
1,1,0.0,1,0,1025,5500.0,216.0,360.0,1.0,0,1,6525.0,600.0,5925.0
1,1,3.0,1,0,4281,0.0,100.0,360.0,1.0,2,1,4281.0,277.77777777777777,4003.222222222222
1,0,2.0,1,0,3588,0.0,110.0,360.0,0.0,0,0,3588.0,305.55555555555554,3282.4444444444443
1,0,1.0,1,0,11250,0.0,196.0,360.0,1.0,1,0,11250.0,544.4444444444445,10705.555555555555
0,0,0.0,0,1,18165,0.0,125.0,360.0,1.0,2,1,18165.0,347.22222222222223,17817.777777777777
1,0,0.0,0,0,2550,2042.0,126.0,360.0,1.0,0,1,4592.0,350.0,4242.0
1,1,0.0,1,0,6133,3906.0,324.0,360.0,1.0,2,1,10039.0,900.0,9139.0
1,0,2.0,1,0,3617,0.0,107.0,360.0,1.0,1,1,3617.0,297.22222222222223,3319.777777777778
1,1,0.0,0,0,2917,536.0,66.0,360.0,1.0,0,0,3453.0,183.33333333333334,3269.6666666666665
1,1,3.0,1,0,6417,0.0,157.0,180.0,1.0,0,1,6417.0,872.2222222222222,5544.777777777777
0,1,1.0,1,0,4608,2845.0,140.0,180.0,1.0,1,1,7453.0,777.7777777777778,6675.222222222223
0,0,0.0,1,0,2138,0.0,99.0,360.0,0.0,1,0,2138.0,275.0,1863.0
0,0,1.0,1,0,3652,0.0,95.0,360.0,1.0,1,1,3652.0,263.8888888888889,3388.1111111111113
1,1,1.0,0,0,2239,2524.0,128.0,360.0,1.0,2,1,4763.0,355.55555555555554,4407.444444444444
0,1,0.0,0,0,3017,663.0,102.0,360.0,1.0,1,1,3680.0,283.3333333333333,3396.6666666666665
1,1,0.0,1,0,2768,1950.0,155.0,360.0,1.0,0,1,4718.0,430.55555555555554,4287.444444444444
1,0,0.0,0,0,3358,0.0,80.0,36.0,1.0,1,0,3358.0,2222.222222222222,1135.7777777777778
1,0,0.0,1,0,2526,1783.0,145.0,360.0,1.0,0,1,4309.0,402.77777777777777,3906.222222222222
0,0,0.0,1,0,5000,0.0,103.0,360.0,0.0,1,0,5000.0,286.1111111111111,4713.888888888889
1,1,0.0,1,0,2785,2016.0,110.0,360.0,1.0,0,1,4801.0,305.55555555555554,4495.444444444444
1,1,2.0,1,1,6633,0.0,146.41216216216216,360.0,0.0,0,0,6633.0,406.70045045045043,6226.29954954955
1,1,1.0,0,0,2492,2375.0,146.41216216216216,360.0,1.0,0,1,4867.0,406.70045045045043,4460.29954954955
1,1,1.0,1,0,3333,3250.0,158.0,360.0,1.0,2,1,6583.0,438.8888888888889,6144.111111111111
1,1,0.0,0,0,2454,2333.0,181.0,360.0,0.0,2,0,4787.0,502.77777777777777,4284.222222222223
1,1,0.0,1,0,3593,4266.0,132.0,180.0,0.0,0,0,7859.0,733.3333333333334,7125.666666666667
1,1,1.0,1,0,5468,1032.0,26.0,360.0,1.0,1,1,6500.0,72.22222222222223,6427.777777777777
0,0,0.0,1,0,2667,1625.0,84.0,360.0,1.0,2,1,4292.0,233.33333333333334,4058.6666666666665
1,1,3.0,1,1,10139,0.0,260.0,360.0,1.0,1,1,10139.0,722.2222222222222,9416.777777777777
1,1,0.0,1,0,3887,2669.0,162.0,360.0,1.0,1,1,6556.0,450.0,6106.0
0,1,0.0,1,0,4180,2306.0,182.0,360.0,1.0,1,1,6486.0,505.55555555555554,5980.444444444444
1,1,2.0,0,0,3675,242.0,108.0,360.0,1.0,1,1,3917.0,300.0,3617.0
0,1,1.0,1,1,19484,0.0,600.0,360.0,1.0,1,1,19484.0,1666.6666666666667,17817.333333333332
1,1,0.0,1,0,5923,2054.0,211.0,360.0,1.0,0,1,7977.0,586.1111111111111,7390.888888888889
1,0,0.0,0,1,5800,0.0,132.0,360.0,1.0,1,1,5800.0,366.6666666666667,5433.333333333333
1,1,2.0,1,0,8799,0.0,258.0,360.0,0.0,2,0,8799.0,716.6666666666666,8082.333333333333
1,1,0.0,0,0,4467,0.0,120.0,360.0,1.0,0,1,4467.0,333.3333333333333,4133.666666666667
1,0,0.0,1,0,3333,0.0,70.0,360.0,1.0,2,1,3333.0,194.44444444444446,3138.5555555555557
1,1,3.0,1,0,3400,2500.0,123.0,360.0,0.0,0,0,5900.0,341.6666666666667,5558.333333333333
0,0,0.0,1,0,2378,0.0,9.0,360.0,1.0,2,0,2378.0,25.0,2353.0
1,1,0.0,1,0,3166,2064.0,104.0,360.0,0.0,2,0,5230.0,288.8888888888889,4941.111111111111
1,1,1.0,1,0,3417,1750.0,186.0,360.0,1.0,2,1,5167.0,516.6666666666666,4650.333333333333
1,1,0.0,1,0,5116,1451.0,165.0,360.0,0.0,2,0,6567.0,458.3333333333333,6108.666666666667
1,1,2.0,1,0,16666,0.0,275.0,360.0,1.0,2,1,16666.0,763.8888888888889,15902.111111111111
1,1,2.0,0,0,6125,1625.0,187.0,480.0,1.0,1,0,7750.0,389.5833333333333,7360.416666666667
1,1,3.0,1,0,6406,0.0,150.0,360.0,1.0,1,0,6406.0,416.6666666666667,5989.333333333333
1,1,2.0,1,0,3159,461.0,108.0,84.0,1.0,2,1,3620.0,1285.7142857142858,2334.285714285714
1,1,0.0,1,0,3087,2210.0,136.0,360.0,0.0,1,0,5297.0,377.77777777777777,4919.222222222223
1,0,0.0,1,0,3229,2739.0,110.0,360.0,1.0,2,1,5968.0,305.55555555555554,5662.444444444444
1,1,1.0,1,0,1782,2232.0,107.0,360.0,1.0,0,1,4014.0,297.22222222222223,3716.777777777778
1,0,0.0,1,0,3182,2917.0,161.0,360.0,1.0,2,1,6099.0,447.22222222222223,5651.777777777777
1,1,2.0,1,0,6540,0.0,205.0,360.0,1.0,1,1,6540.0,569.4444444444445,5970.555555555556
1,0,0.0,1,0,1836,33837.0,90.0,360.0,1.0,2,0,35673.0,250.0,35423.0
0,1,0.0,1,0,3166,0.0,36.0,360.0,1.0,1,1,3166.0,100.0,3066.0
1,1,1.0,1,0,1880,0.0,61.0,360.0,1.0,0,0,1880.0,169.44444444444446,1710.5555555555557
1,1,1.0,1,0,2787,1917.0,146.0,360.0,0.0,0,0,4704.0,405.55555555555554,4298.444444444444
1,1,1.0,1,0,4283,3000.0,172.0,84.0,1.0,0,0,7283.0,2047.6190476190477,5235.380952380952
1,1,0.0,1,0,2297,1522.0,104.0,360.0,1.0,2,1,3819.0,288.8888888888889,3530.1111111111113
0,0,0.0,0,0,2165,0.0,70.0,360.0,1.0,1,1,2165.0,194.44444444444446,1970.5555555555557
1,0,0.0,1,0,4750,0.0,94.0,360.0,1.0,1,1,4750.0,261.1111111111111,4488.888888888889
1,1,2.0,1,1,2726,0.0,106.0,360.0,0.0,1,0,2726.0,294.44444444444446,2431.5555555555557
1,1,0.0,1,0,3000,3416.0,56.0,180.0,1.0,1,1,6416.0,311.1111111111111,6104.888888888889
1,1,2.0,1,1,6000,0.0,205.0,240.0,1.0,1,0,6000.0,854.1666666666666,5145.833333333333
1,0,3.0,1,1,9357,0.0,292.0,360.0,1.0,1,1,9357.0,811.1111111111111,8545.888888888889
1,1,0.0,1,0,3859,3300.0,142.0,180.0,1.0,0,1,7159.0,788.8888888888889,6370.111111111111
1,1,0.0,1,1,16120,0.0,260.0,360.0,1.0,2,1,16120.0,722.2222222222222,15397.777777777777
1,0,0.0,0,0,3833,0.0,110.0,360.0,1.0,0,1,3833.0,305.55555555555554,3527.4444444444443
1,1,2.0,0,1,6383,1000.0,187.0,360.0,1.0,0,0,7383.0,519.4444444444445,6863.555555555556
1,0,0.0,1,0,2987,0.0,88.0,360.0,0.0,1,0,2987.0,244.44444444444446,2742.5555555555557
1,1,0.0,1,1,9963,0.0,180.0,360.0,1.0,0,1,9963.0,500.0,9463.0
1,1,2.0,1,0,5780,0.0,192.0,360.0,1.0,2,1,5780.0,533.3333333333334,5246.666666666667
0,0,3.0,1,0,416,41667.0,350.0,180.0,1.0,2,0,42083.0,1944.4444444444443,40138.555555555555
1,1,0.0,0,0,2894,2792.0,155.0,360.0,1.0,0,1,5686.0,430.55555555555554,5255.444444444444
1,1,3.0,1,0,5703,0.0,128.0,360.0,1.0,2,1,5703.0,355.55555555555554,5347.444444444444
1,0,0.0,1,0,3676,4301.0,172.0,360.0,1.0,0,1,7977.0,477.77777777777777,7499.222222222223
0,1,1.0,1,0,12000,0.0,496.0,360.0,1.0,1,1,12000.0,1377.7777777777778,10622.222222222223
1,1,0.0,0,0,2400,3800.0,146.41216216216216,180.0,1.0,2,0,6200.0,813.4009009009009,5386.5990990990995
1,1,1.0,1,0,3400,2500.0,173.0,360.0,1.0,1,1,5900.0,480.55555555555554,5419.444444444444
1,1,2.0,0,0,3987,1411.0,157.0,360.0,1.0,0,1,5398.0,436.1111111111111,4961.888888888889
1,1,0.0,1,0,3232,1950.0,108.0,360.0,1.0,0,1,5182.0,300.0,4882.0
0,0,0.0,1,0,2900,0.0,71.0,360.0,1.0,0,1,2900.0,197.22222222222223,2702.777777777778
1,1,3.0,1,0,4106,0.0,40.0,180.0,1.0,0,1,4106.0,222.22222222222223,3883.777777777778
1,1,1.0,1,0,8072,240.0,253.0,360.0,1.0,2,1,8312.0,702.7777777777778,7609.222222222223
1,1,2.0,1,0,7583,0.0,187.0,360.0,1.0,2,1,7583.0,519.4444444444445,7063.555555555556
0,0,0.0,1,1,4583,0.0,133.0,360.0,0.0,1,0,4583.0,369.44444444444446,4213.555555555556
0,0,0.6437021619230251,1,1,11321,0.0,213.6715388703741,360.0,0.3562978380769749,2,0,11321.0,593.5320524177058,10727.467947582294
0,0,0.0,1,0,3418,0.0,127.74537246763396,360.0,1.0,0,0,3418.0,354.84825685453876,3063.1517431454613
1,1,0.0,0,0,3587,4224.635898093536,137.44264498769272,228.9838048892344,0.0,0,0,7811.635898093536,600.2286714301799,7211.407226663356
1,0,0.0,1,0,2226,0.0,61.05692963837591,402.27718553503655,0.0,1,0,2226.0,151.7782559733508,2074.221744026649
1,1,0.0,1,0,3365,2199.929228728637,134.98386831314522,360.0,0.9994796230046842,0,0,5564.929228728637,374.9551897587367,5189.9740389699
1,0,1.942293430997493,1,0,13269,2682.688029299248,314.3588982986533,360.0,1.0,0,0,15951.688029299248,873.2191619407037,15078.468867358544
1,0,1.390437483683942,0,0,2316,1314.7371265989736,117.99003106236532,396.57375097896346,0.0,0,0,3630.7371265989736,297.5235521037402,3333.2135744952334
0,0,0.3293117062858834,1,0,3516,0.0,76.65862341257177,360.0,0.0,1,0,3516.0,212.94062059047715,3303.059379409523
1,0,0.931821161249116,0,0,3037,0.0,60.48859316188782,276.13609548757955,0.534089419375442,2,0,3037.0,219.05355420877444,2817.9464457912254
0,0,0.0,1,0,4197,0.0,114.06068011456406,360.0,0.4848299713589832,1,0,4197.0,316.83522254045573,3880.1647774595444
0,0,0.0,1,0,4778,2226.634041067817,147.8232157680237,396.9076760531676,1.0,0,0,7004.634041067817,372.4372812286505,6632.196759839167
1,0,2.191762998604436,1,0,3438,7026.089059083373,229.9210495629297,360.0,1.0,0,0,10464.089059083373,638.6695821192492,9825.419476964124
1,0,0.2441255222477741,1,0,11061,0.0,110.58618401399848,360.0,1.0,1,0,11061.0,307.1838444833291,10753.816155516672
0,0,1.6634179156541389,1,0,4430,0.0,128.00974625303758,360.0,0.0,1,0,4430.0,355.58262848065993,4074.41737151934
0,1,0.0,0,0,2724,3373.4956772497867,125.77803604264278,360.0,0.0,2,0,6097.495677249786,349.3834334517855,5748.112243798001
0,0,0.0,0,0,3333,0.0,128.1423498486994,360.0,1.0,0,0,3333.0,355.9509718019428,2977.0490281980574
1,1,2.0,1,0,4595,0.0,120.2695701840266,360.0,1.0,2,0,4595.0,334.0821394000739,4260.917860599926
1,1,2.8053232586730554,1,0,3397,2480.5323258673056,123.77870696530778,360.0,0.0648922471089815,0,0,5877.532325867305,343.8297415702994,5533.702584297006
0,0,0.5078308278686894,0,0,2762,0.0,71.11296051229793,314.295225491818,0.0,2,0,2762.0,226.26166338040412,2535.738336619596
1,0,0.0,0,0,3172,2243.137453235101,128.468760628386,224.43769131094825,0.0,1,0,5415.137453235101,572.40278973641,4842.734663498691
0,0,0.0,0,0,2744,0.0,69.55543590740318,318.2217436296127,0.6963042728397884,0,0,2744.0,218.57537173311675,2525.4246282668832
1,1,1.0,1,0,22796,0.0,430.9449415818661,360.0,1.0,1,0,22796.0,1197.06928217185,21598.93071782815
1,1,0.0,1,0,3533,2143.2279155143337,116.778696050699,360.0,0.0,0,0,5676.227915514333,324.3852668074972,5351.842648706836
0,0,0.0,1,0,3509,0.0,76.11523526250397,360.0,0.0022595149510581,1,0,3509.0,211.43120906251104,3297.5687909374888
1,0,0.266781014275285,1,0,19726,0.0,485.3356202855057,360.0,1.0,0,0,19726.0,1348.1545007930713,18377.845499206927
1,0,0.0,0,0,6212,0.0,132.57906920498775,360.0,0.9766149558326528,0,0,6212.0,368.2751922360771,5843.724807763923
1,0,0.0,1,0,4681,1985.698366290736,169.1389703847269,360.0,1.0,1,0,6666.698366290736,469.830473290908,6196.867892999828
1,1,0.9669492670994516,0,0,2512,1980.6203472311608,139.20678241038684,185.9491319220987,0.9669492670994516,1,0,4492.620347231161,748.6282994249522,3743.9920478062086
1,1,1.0352137440800488,0,0,3432,4074.6618777249582,161.66199494474714,339.295725118399,0.0,0,0,7506.661877724959,476.4634004402335,7030.198477284725
0,0,0.0,1,0,4583,0.0,119.67862176127136,360.0,0.6343513447013638,0,0,4583.0,332.44061600353155,4250.559383996469
0,0,0.9578836453356994,0,0,3513,0.0,77.59647274222617,302.52698127985803,0.3192945484452332,1,0,3513.0,256.4943874227342,3256.5056125772658
1,1,1.4071962500485908,0,0,3382,4060.5265424981535,165.13383166712018,331.8560749990282,0.0,0,0,7442.5265424981535,497.60677627373184,6944.919766224421
0,1,1.1044336708538167,1,0,4481,0.0,120.28325253140362,360.0,0.4477831645730916,0,0,4481.0,334.1201459205656,4146.879854079434
1,0,0.447106910928672,1,0,2210,0.0,64.34132073278602,399.520756032839,0.0,0,0,2210.0,161.0462529448593,2048.953747055141
0,0,0.0,1,0,3553,0.0,87.85393447758787,360.0,0.5926967238793935,2,0,3553.0,244.03870688218854,3308.9612931178117
1,1,1.9191466736672849,0,0,2272,0.0,109.19989366236238,355.1488004200371,0.9191466736672848,0,0,2272.0,307.4764536251027,1964.5235463748973
1,1,2.3696544560614043,0,0,2947,1625.5489218197456,118.16606592163228,293.4621979089472,0.6303455439385955,2,0,4572.548921819745,402.66196724354865,4169.886954576196
1,1,0.0,0,0,2489,2230.808506046926,165.25960401196733,360.0,0.0,1,0,4719.808506046926,459.0544555887981,4260.7540504581275
1,0,0.0,0,0,6264,0.0,120.95290365430156,360.0,0.1968602436201041,0,0,6264.0,335.98028792861544,5928.019712071385
0,1,0.5296993655539616,1,0,2310,3167.20482673971,116.29210444112226,360.0,0.5296993655539616,2,0,5477.2048267397095,323.03362344756187,5154.171203292148
1,1,0.016576859105157,0,0,3533,3232.304183415617,152.8122660961527,360.0,0.016576859105157,0,0,6765.304183415617,424.47851693375753,6340.82566648186
0,1,0.0,1,0,4333,2451.0,110.0,360.0,1.0,2,0,6784.0,305.55555555555554,6478.444444444444
1,0,0.8164318732193839,1,1,10076,0.0,160.87418005697972,360.0,0.8164318732193839,0,0,10076.0,446.8727223804993,9629.1272776195
1,0,0.0,0,0,1842,2858.955558251452,109.76524762467557,360.0,0.7983451249845511,0,0,4700.955558251452,304.9034656240988,4396.052092627353
1,0,0.8492824560345705,0,0,2803,1560.6889754517133,176.43542104311135,378.08610527585154,0.8492824560345705,1,0,4363.688975451713,466.65407318892113,3897.034902262792
1,0,1.0163975534814371,1,0,3564,0.0,87.8688195721485,360.0,0.4918012232592813,0,0,3564.0,244.08005436707916,3319.9199456329206
1,1,0.6083743864182363,1,0,3655,4063.411329322728,157.5517242295659,234.75369477764127,0.0,0,0,7718.411329322727,671.1362919284355,7047.275037394292
0,0,1.7167176096274397,1,0,4568,0.0,104.67415944114724,360.0,0.8583588048137198,1,0,4568.0,290.76155400318675,4277.238445996813
1,1,0.9778767156056544,1,0,3503,1334.9291779445623,78.79500007973759,360.0,0.6740410947981152,0,0,4837.929177944562,218.87500022149334,4619.054177723068
0,0,0.4404820951310966,1,0,4579,0.0,125.73204543033692,360.0,0.2202410475655483,1,0,4579.0,349.2556817509359,4229.744318249064
1,0,0.0,0,0,6094,0.0,120.19930841611568,360.0,0.2888504675619822,0,0,6094.0,333.88696782254357,5760.113032177456
0,0,0.0,1,0,2378,0.0,38.95153870716947,360.0,1.0,0,0,2378.0,108.19871863102631,2269.801281368974
0,0,0.3486659872917294,1,0,2534,0.0,118.31462318667069,438.1600815249925,1.0,1,0,2534.0,270.02602056965804,2263.973979430342
1,0,0.0,1,0,6298,0.0,116.74970483581151,360.0,0.0,0,0,6298.0,324.304735655032,5973.695264344968
1,0,0.0,0,0,2764,31.879530233572268,65.0594767355104,303.5686041306238,1.0,0,0,2795.879530233572,214.3155644235057,2581.5639658100663
1,1,1.3975720210875222,1,0,9522,0.0,195.9499181720148,360.0,0.6024279789124777,0,0,9522.0,544.3053282555967,8977.694671744403
1,0,0.0,0,0,3141,2231.218940576791,131.1775135052748,273.1952430949464,0.0,1,0,5372.218940576791,480.1603132587681,4892.058627318023
1,0,0.0,0,0,2185,0.0,74.0238206456161,360.0,0.162289894092672,2,0,2185.0,205.62172401560028,1979.3782759843998
0,0,0.0,1,0,4445,2332.951202602298,121.80882404915754,360.0,1.0,1,0,6777.9512026022985,338.3578445809932,6439.593358021305
0,1,0.0,0,0,1892,3014.2295158700463,115.50662986453436,360.0,0.0,1,0,4906.229515870046,320.85174962370655,4585.37776624634
0,0,0.4181432414754273,1,0,3517,0.0,76.83628648295085,360.0,0.0,1,0,3517.0,213.4341291193079,3303.5658708806923
0,0,0.5414479738275658,0,0,3424,0.0,120.60859803706744,36.0,1.0,1,0,3424.0,3350.2388343629846,73.76116563701544
0,1,0.6084312013098356,1,0,1691,1497.6227959608598,120.38244524387947,360.0,0.3042156006549178,2,0,3188.6227959608595,334.3956812329985,2854.227114727861
0,0,0.0,1,0,2269,0.0,59.11464962944591,452.57399738432406,0.2285500217972996,0,0,2269.0,130.61874957709065,2138.3812504229095
0,0,0.8250450729040638,0,0,2490,1962.005408748488,133.7016226245463,211.4918868772685,0.8250450729040638,2,0,4452.005408748488,632.1832227168841,3819.8221860316035
0,0,0.0,1,0,3167,0.0,73.9465050299883,360.0,0.9821683433294356,2,0,3167.0,205.40695841663415,2961.593041583366
0,0,0.5166358912710143,1,0,11741,0.0,227.02957873506372,360.0,0.4833641087289857,1,0,11741.0,630.6377187085103,11110.36228129149
1,1,1.0,1,0,12233,9111.417933557148,299.7032859570527,313.0507485305264,0.739170825169591,1,0,21344.417933557146,957.3632625504737,20387.054671006674
1,0,2.988761099273773,1,0,6405,0.0,149.88011839225356,360.0,0.9962536997579244,0,0,6405.0,416.33366220070434,5988.666337799295
1,1,0.0345806487112063,0,0,3608,4301.82555206481,132.20748389226725,186.22451676801717,0.0345806487112063,0,0,7909.82555206481,709.9359750626187,7199.889577002191
0,0,0.5582934536070976,1,0,10000,0.0,181.06068623718124,360.0,1.0,0,0,10000.0,502.9463506588368,9497.053649341164
1,0,2.647909029568019,0,0,6383,0.0,148.00481783421878,360.0,1.0,0,0,6383.0,411.1244939839411,5971.875506016059
1,0,2.433878674975862,0,0,6370,0.0,146.79197915819654,360.0,1.0,0,0,6370.0,407.75549766165705,5962.2445023383425
0,0,2.1633859422234543,0,0,4058,0.0,136.8155959543785,230.19684346659272,1.0,1,0,4058.0,594.3417550564017,3463.658244943598
0,0,0.0,1,0,4185,0.0,102.1949903803812,360.0,0.2996421700272287,1,0,4185.0,283.8749732788367,3901.1250267211635
1,1,1.6933222844766118,0,0,2271,0.0,104.87304053863022,360.0,0.8466611422383059,0,0,2271.0,291.31400149619503,1979.685998503805
0,0,0.0,1,0,4583,0.0,115.01718987056006,360.0,0.8563242918780924,0,0,4583.0,319.49219408488904,4263.507805915111
0,0,0.0,1,0,2519,1776.0581865598397,101.02254063561097,324.2704876273314,0.5954918728778099,1,0,4295.05818655984,311.5378811522045,3983.520305407635
0,0,0.3366897037171208,0,0,4992,0.0,105.805747530976,360.0,0.1122299012390402,1,0,4992.0,293.9048542527111,4698.095145747289
1,0,0.1490715512324872,1,1,6439,4429.896508301117,158.16231711551674,206.8328792218477,0.8509284487675127,1,0,10868.896508301117,764.6865319989711,10104.209976302147
1,0,0.0643650057790524,0,0,3769,4785.529483190037,173.554129780396,360.0,1.0,1,0,8554.529483190037,482.09480494554447,8072.434678244493
0,0,0.0,1,0,3138,0.0,74.64920893106296,360.0,0.0,1,0,3138.0,207.3589136973971,2930.641086302603
1,1,0.0,0,0,8110,0.0,141.4633422639968,360.0,0.6689882547142286,1,0,8110.0,392.9537285111022,7717.046271488898
1,1,0.0,1,0,6033,2383.760967761771,230.19698957922571,360.0,1.0,0,0,8416.760967761771,639.4360821645158,7777.324885597255
1,0,0.0,1,0,3593,0.0,85.95652426498789,360.0,1.0,2,0,3593.0,238.7681229582997,3354.2318770417005
1,1,0.1197331150844431,0,0,6090,0.0,217.22173475195112,352.8160130949334,0.0598665575422215,0,0,6090.0,615.679920099042,5474.320079900958
1,0,0.0,0,0,6099,0.0,215.761426124202,360.0,0.0263361632446826,0,0,6099.0,599.33729478945,5499.6627052105505
1,1,2.148237075787603,1,0,3390,2414.82370757876,126.4070516968496,360.0,0.2839209747374657,0,0,5804.82370757876,351.13069915791556,5453.693008420844
0,0,0.6946361396556066,0,0,2476,1946.3563367586728,129.00690102760183,234.9654948619908,0.6946361396556066,2,0,4422.356336758673,549.0461529399253,3873.3101838187476
1,0,0.5143862464137734,1,0,4631,1705.6447977095945,155.67998395441492,360.0,1.0,0,0,6336.644797709594,432.4443998733748,5904.200397836219
1,1,1.0,0,0,2634,1953.404006562908,142.69054485791747,260.71634573752453,0.5515758570137527,1,0,4587.404006562908,547.3018749717012,4040.1021315912067
1,0,0.0,1,0,2435,0.0,75.11639328517276,360.6651044867015,1.0,1,0,2435.0,208.27186315149171,2226.7281368485083
1,1,0.0,1,0,3406,2192.435214134874,132.18519595716248,360.0,0.8240747473226546,0,0,5598.435214134874,367.1810998810069,5231.254114253867
1,0,0.0,1,0,6272,4419.235490087178,209.88569281716053,360.0,0.0180753636155208,0,0,10691.235490087178,583.0158133810015,10108.219676706176
1,0,1.0122125696331308,1,0,3593,0.0,95.18318854449696,360.0,0.4938937151834346,0,0,3593.0,264.397745956936,3328.602254043064
1,1,0.1788227092213288,0,0,1838,2932.390595617008,96.57645418442658,360.0,0.1788227092213288,2,0,4770.390595617007,268.2679282900738,4502.122667326934
1,1,2.36646878458286,0,0,2432,1376.6676364815096,142.5905016599773,360.0,0.3664687845828599,0,0,3808.6676364815094,396.0847268332702,3412.5829096482394
0,0,0.5116589538868754,1,0,3420,0.0,129.81412424637782,360.0,1.0,1,0,3420.0,360.5947895732717,3059.4052104267284
1,1,0.8371802272436124,0,0,2985,1665.4418798485042,91.62819772756389,396.2819772756388,0.0,2,0,4650.441879848504,231.21969451522844,4419.222185333276
0,0,1.6161215837047784,0,0,4732,0.0,85.31285108593345,360.0,0.6919392081476108,1,0,4732.0,236.9801419053707,4495.019858094629
1,1,1.3723793083353022,1,0,3398,4144.315701327603,153.95806893336484,234.8951723334121,0.0,0,0,7542.315701327603,655.4330912975747,6886.882610030028
1,0,2.01762815367752,1,0,11524,3417.508034687054,241.4102522942016,271.5865338309768,0.50881407683876,0,0,14941.508034687055,888.8888888888889,14052.619145798166
0,0,1.2726652363717907,1,0,4572,0.0,112.00102359986543,360.0,0.6363326181858954,1,0,4572.0,311.11395444407066,4260.88604555593
0,1,0.5009236372111683,1,0,4591,0.0,117.51016000932285,360.0,1.0,0,0,4591.0,326.4171111370079,4264.582888862992
1,0,0.0,1,0,3685,4551.497490219304,157.95431729266392,286.1767525608979,0.5898708475605439,1,0,8236.497490219304,551.9467108323256,7684.550779386978
1,0,0.0,1,0,4682,1918.6304283766983,184.1855210378958,360.0,1.0,1,0,6600.630428376699,511.6264473274883,6089.00398104921
1,0,0.0,1,0,2229,0.0,61.53977354112163,421.5909416448654,0.0,1,0,2229.0,145.97034106335414,2083.029658936646
0,0,0.1878024245628919,1,0,4309,0.0,135.154889089467,360.0,0.0,1,0,4309.0,375.4302474707417,3933.5697525292585
0,0,1.3031830965312858,1,0,5344,0.0,121.714676089989,427.87267613874855,0.4343943655104286,2,0,5344.0,284.46470849314045,5059.53529150686
1,1,1.949764776915973,0,0,2991,1711.610663446476,88.55415560781782,243.01411338504164,0.0,1,0,4702.610663446476,364.39922922299144,4338.2114342234845
0,0,0.7097932759388703,0,0,2343,0.0,69.77807474395215,360.0,1.0,0,0,2343.0,193.8279853998671,2149.172014600133
1,1,1.3310759403369004,0,0,2539,1418.8863946174597,116.9729112840428,239.5936692606421,0.0,0,0,3957.8863946174597,488.2136979871274,3469.672696630332
1,1,2.7283351301438064,1,0,4325,7682.083782535951,275.0584321579093,360.0,0.8641675650719031,1,0,12007.083782535952,764.051200438637,11243.032582097316
1,0,0.6905558047246658,0,0,4125,0.0,109.14376653345096,318.56665171652,0.2301852682415552,1,0,4125.0,342.60888873758734,3782.391111262413
1,0,0.0,1,0,8749,0.0,201.9322439103192,360.0,1.0,1,0,8749.0,560.9228997508867,8188.077100249113
1,1,0.8559916015816338,0,0,3019,1715.6848272442091,133.02030709283906,360.0,0.4279958007908169,1,0,4734.684827244209,369.5008530356641,4365.183974208545
0,0,0.694337957081073,0,0,4125,0.0,123.038772848698,318.3397225751356,0.231445985693691,1,0,4125.0,386.50147664075433,3738.4985233592456
0,0,0.0,1,0,2371,0.0,11.22379235947612,360.0,0.9563962282455662,2,0,2371.0,31.177200998544777,2339.822799001455
1,0,0.0,0,0,1996,0.0,145.80502278741457,360.0,1.0,2,0,1996.0,405.0139521872627,1590.9860478127373
1,1,1.4098335419728287,1,0,3008,7175.419853166182,173.38779307800746,264.59001251836975,1.0,1,0,10183.419853166182,655.3073996546625,9528.11245351152
1,1,0.7204396582032414,1,0,4296,2846.5213723535794,154.66725880860096,161.15865433590537,1.0,0,0,7142.52137235358,959.7204658102053,6182.800906543374
0,1,1.766988044532518,1,0,4567,0.0,98.13590435626014,360.0,1.0,1,0,4567.0,272.59973432294487,4294.400265677055
1,0,1.4954375477948278,0,0,2319,0.0,103.41331340810171,360.0,1.0,0,0,2319.0,287.2592039113937,2031.7407960886062
1,1,0.0938563059520936,0,0,3582,4089.878929370312,155.003401790467,360.0,0.0,0,0,7671.878929370312,430.5650049735195,7241.313924396793
0,0,0.3307503046705137,0,0,4692,0.0,119.14723263378072,360.0,1.0,1,0,4692.0,330.9645350938353,4361.035464906165
1,0,0.0,1,0,18031,0.0,320.8036895513789,360.0,0.4472350331645101,1,0,18031.0,891.1213598649414,17139.87864013506
1,1,2.0,0,0,3350,1798.5354588816365,133.74711382849185,360.0,0.0,0,0,5148.535458881636,371.5197606346996,4777.015698246937
1,0,0.0196684162839543,1,0,1836,2843.5796517636795,113.92132633486418,360.0,1.0,0,0,4679.579651763679,316.4481287079561,4363.131523055723
1,0,0.9246537439938718,1,0,12532,10455.570112902322,345.91080350374875,360.0,1.0,0,0,22987.570112902322,960.8633430659687,22026.706769836353
0,0,0.6113940385743637,0,0,3408,0.0,108.14497182934882,360.0,1.0,0,0,3408.0,300.40269952596896,3107.597300474031
0,0,0.0,0,0,3211,0.0,78.00913165415727,360.0,1.0,1,0,3211.0,216.6920323726591,2994.307967627341
1,1,0.0,0,0,2493,2219.7036103923538,163.5491343021398,360.0,0.0,1,0,4712.703610392354,454.30315083927724,4258.400459553077
0,0,0.0,0,0,2071,0.0,122.00816809322234,360.0,0.4852798742763157,1,0,2071.0,338.9115780367287,1732.0884219632712
1,0,2.2546262658119014,0,0,2692,1570.2290909807678,179.33567674059884,360.0,1.0,0,0,4262.229090980768,498.15465761277454,3764.0744333679936
0,0,0.0,1,0,3454,0.0,106.87073519271692,360.0,0.6053085331905278,1,0,3454.0,296.86315331310254,3157.1368466868976
1,1,0.8442131407263114,0,0,4311,5191.858690493502,156.69442311284263,360.0,1.0,0,0,9502.858690493502,435.2622864245629,9067.59640406894
0,0,0.0,0,0,1873,2867.7833165801,118.47892257210675,360.0,0.930016834810832,0,0,4740.7833165801,329.1081182558521,4411.675198324248
1,1,0.929583869150456,0,0,1998,2925.633745177646,111.59167738300911,360.0,0.929583869150456,2,0,4923.633745177645,309.97688161946974,4613.656863558175
1,0,0.0,1,0,3146,0.0,73.37324384715392,385.0702461138432,1.0,2,0,3146.0,190.54508777980644,2955.4549122201934
0,0,0.0,1,0,4210,0.0,110.49654636068608,360.0,0.0,1,0,4210.0,306.93485100190577,3903.065148998094
1,1,0.3586467812961639,0,0,2486,1893.210549381463,152.18571115537287,295.4435793666905,1.0,0,0,4379.210549381463,515.1092180835218,3864.1013312979417
0,0,1.4916727018605225,1,0,4570,0.0,108.38740041930136,360.0,0.7458363509302612,1,0,4570.0,301.0761122758371,4268.923887724163
1,0,0.0,1,0,5954,4410.366134165762,160.75010120181355,233.152305915409,1.0,1,0,10364.36613416576,689.4639131732886,9674.902220992471
0,0,0.6774492357613995,0,0,4598,0.0,97.77263974040724,360.0,0.6774492357613995,0,0,4598.0,271.59066594557567,4326.409334054424
0,1,0.4539906152259769,1,0,5462,0.0,103.33536774417142,360.0,0.1513302050753255,0,0,5462.0,287.04268817825397,5174.957311821746
1,1,2.7267573371159424,0,0,5315,10480.54525401071,446.2261846751957,360.0,0.1366213314420288,0,0,15795.54525401071,1239.5171796533214,14556.02807435739
1,1,1.4178219938202372,0,0,4650,0.0,135.16435601235952,360.0,1.0,2,0,4650.0,375.45654447877644,4274.543455521223
1,0,0.0,1,0,6024,4001.385017319069,265.38763764460657,360.0,0.5528199769079077,0,0,10025.38501731907,737.1878823461294,9288.19713497294
0,0,0.8895304309433955,0,0,2473,1781.1632003532077,124.4591999116981,360.0,0.2965101436477985,1,0,4254.163200353208,345.7199997547169,3908.443200598491
1,0,1.160438287107447,1,0,4890,2084.6791234257853,168.8015643840224,360.0,1.0,0,0,6974.679123425785,468.8932344000622,6505.785889025723
1,1,2.0,0,0,3358,1863.965162675947,121.7358638565894,360.0,0.0,0,0,5221.965162675947,338.155177379415,4883.8099852965315
0,0,0.0,0,0,4956,0.0,114.65458867402958,360.0,0.3884862891343195,0,0,4956.0,318.4849685389711,4637.515031461029
1,0,0.244782541200721,0,0,3186,2274.39854510006,128.6110137728077,194.6869524720433,0.0,1,0,5460.39854510006,660.604175779453,4799.794369320607
1,0,0.9948151372260132,1,0,10503,3851.6436014993537,160.76735969055005,180.9332752993176,0.0051848627739867,1,0,14354.643601499354,888.5450143131102,13466.098587186243
0,0,0.0,1,0,2200,0.0,76.3958010618491,435.3473297938363,0.0,1,0,2200.0,175.482415610605,2024.517584389395
1,1,1.194273953512042,0,0,4001,4971.345731122504,153.1533683739393,360.0,0.8057260464879578,0,0,8972.345731122503,425.42602326094243,8546.91970786156
1,0,1.858118166000145,1,0,2709,0.0,105.29059083000072,368.5129100399913,0.0709409169999276,1,0,2709.0,285.7175093772821,2423.282490622718
1,0,0.0,0,0,7530,0.0,110.34854123542222,360.0,0.3967838272138884,1,0,7530.0,306.52372565395063,7223.47627434605
1,1,1.101537062078794,1,0,3700,2903.4233743082564,149.57848113089688,360.0,0.9492314689606032,0,0,6603.423374308257,415.49578091915794,6187.927593389099
1,0,0.1133828510493401,1,0,9260,0.0,233.90892625660877,360.0,1.0,1,0,9260.0,649.7470173794688,8610.252982620532
1,0,0.0276167718737047,1,0,16307,0.0,200.50596573710104,360.0,0.0276167718737047,2,0,16307.0,556.9610159363917,15750.038984063609
1,0,0.5788648955075587,1,0,5020,0.0,136.97361390809846,360.0,0.0,0,0,5020.0,380.48226085582905,4639.517739144171
1,1,2.561525876981913,0,0,2914,1755.202617587762,97.1853956271214,258.92534214325565,0.0,1,0,4669.202617587762,375.3413815066106,4293.861236081151
1,1,2.0160784058855983,0,0,2988,1708.6044455998529,87.38261482935442,239.0352956468641,0.0,1,0,4696.604445599853,365.56364863558923,4331.040796964264
0,1,1.343694665050536,1,0,4605,0.0,117.5923666262634,360.0,1.0,1,0,4605.0,326.64546285073163,4278.354537149268
1,0,0.1550416167277442,1,0,10545,0.0,188.3953745505497,360.0,0.1550416167277442,1,0,10545.0,523.3204848626381,10021.679515137363
1,1,0.0544773350684066,1,0,3366,2205.4477335068404,134.78209065972638,360.0,0.9818408883105312,0,0,5571.44773350684,374.3946962770177,5197.053037229823
1,1,2.1610664979306367,0,0,2947,1612.8250563737688,134.1047228033948,331.0080303724854,0.8389335020693633,2,0,4559.825056373769,405.1403908614722,4154.684665512297
1,0,0.1395953816883247,1,0,3767,0.0,106.57861244233706,463.24855419740106,1.0,2,0,3767.0,230.06787927700995,3536.93212072299
1,1,1.500502721031728,0,0,2726,1541.0412231246016,102.23919149781784,180.0,0.0,0,0,4267.041223124602,567.9955083212102,3699.0457148033915
0,0,1.9223305311411536,0,0,2882,0.0,46.35921570502981,186.99025219729617,0.0,2,0,2882.0,247.92316797410123,2634.076832025899
0,0,0.0,1,0,3045,0.0,82.8444862505552,360.0,0.0,1,0,3045.0,230.12357291820888,2814.876427081791
0,0,1.6112472815899663,1,0,5327,0.0,116.68296106736388,415.5501087364013,0.5370824271966554,2,0,5327.0,280.7915546507056,5046.208445349294
1,0,0.0,0,0,6135,0.0,190.2346444473365,360.0,0.3266512417960409,0,0,6135.0,528.429567909268,5606.570432090732
1,1,0.0,1,0,3688,2498.0820295604867,163.70492620452978,360.0,0.8278690037875887,1,0,6186.082029560486,454.7359061236939,5731.346123436792
1,1,0.7284570841802581,1,0,4410,1569.097156059442,133.70240123221458,360.0,0.7284570841802581,0,0,5979.097156059443,371.39555897837386,5607.701597081069
0,1,0.0,1,0,4583,0.0,111.02705125094155,360.0,1.0,0,0,4583.0,308.4084756970599,4274.59152430294
1,0,0.5427348383862715,1,0,9618,0.0,195.69659938362184,360.0,1.0,0,0,9618.0,543.6016649545052,9074.398335045495
1,1,1.6840461500239627,0,0,3401,1954.9144619971244,113.10583847491613,360.0,0.0,0,0,5355.914461997125,314.1828846525448,5041.73157734458
1,1,0.0,0,0,1693,3704.172687500901,180.0069563285537,360.0,0.0,1,0,5397.172687500901,500.0193231348714,4897.15336436603
1,1,2.177292189886643,1,0,3286,2534.1423741197045,142.3336335376639,360.0,0.4113539050566785,0,0,5820.142374119705,395.3712042712886,5424.771169848416
1,1,0.0,1,0,3153,4987.170694158735,113.369757067566,180.0,0.3004877892328061,0,0,8140.170694158735,629.8319837087,7510.338710450035
1,0,0.0,1,0,6017,4240.718487357327,146.42544065180005,204.90355663520424,1.0,1,0,10257.718487357328,714.6066327803451,9543.111854576982
1,1,0.0,1,0,6012,2512.317704702252,181.0707820442992,360.0,1.0,0,0,8524.317704702251,502.9743945674977,8021.343310134753
1,0,0.030463132885841,1,0,8874,4374.179766756604,309.2489884483195,360.0,1.0,0,0,13248.179766756604,859.0249679119986,12389.154798844605
0,0,0.0,0,0,2415,1997.1403010354225,125.97617697814368,360.0,0.0,2,0,4412.140301035422,349.933824939288,4062.2064760961343
1,0,0.0410675167678757,0,0,2990,1660.9076279207834,103.69607650910882,475.0718979878549,0.0410675167678757,1,0,4650.907627920784,218.27449055250113,4432.633137368282
1,1,2.0,0,0,6227,1375.7369365970037,187.0,432.14149182662464,1.0,0,0,7602.7369365970035,432.7286398942328,7170.008296702771
0,0,0.0,1,0,5452,0.0,126.5262119719318,427.977511490311,0.0,1,0,5452.0,295.63752434407115,5156.362475655929
1,1,2.0,0,0,3358,1864.016827100817,121.7263795660336,360.0,0.0,0,0,5222.016827100817,338.12883212787114,4883.887994972946
1,0,0.7525815820399836,0,0,5075,0.0,125.00344210938664,360.0,0.2508605273466612,0,0,5075.0,347.2317836371851,4727.768216362815
1,1,0.3686673486627401,1,0,3631,4143.233772895308,147.48402864383507,213.18006137964665,0.0,0,0,7774.233772895308,691.8284369061361,7082.405335989172
1,1,1.8382540667656049,0,0,2883,1855.3401688768568,129.41206506824966,369.7047559940637,0.0,1,0,4738.340168876857,350.04165613256976,4388.298512744287
1,0,0.0,0,0,6250,0.0,124.42471712410162,360.0,0.4283144749401077,0,0,6250.0,345.6242142336156,5904.375785766384
1,0,0.0,0,0,6090,0.0,151.5894973206649,360.0,1.0,1,0,6090.0,421.08193700184694,5668.918062998153
0,0,1.8836128089831128,1,0,4614,0.0,133.94180640449156,360.0,0.9418064044915564,1,0,4614.0,372.0605733458099,4241.93942665419
1,1,0.2543588171205586,0,0,6122,0.0,212.23453347860067,360.0,0.0847862723735195,0,0,6122.0,589.5403707738908,5532.459629226109
1,1,0.4423522297311044,1,0,4310,2693.8513741223765,137.42583824332849,237.9107845942152,1.0,1,0,7003.851374122376,577.636017962466,6426.21535615991
1,0,0.0,0,0,2052,0.0,125.69161799821602,360.0,0.7602126408425968,2,0,2052.0,349.1433833283778,1702.8566166716223
1,0,0.0938732900812917,1,0,16445,0.0,220.91297334503787,360.0,0.0938732900812917,2,0,16445.0,613.6471481806608,15831.35285181934
1,0,1.6342680057853851,1,0,4975,2083.7314639884294,177.9435965575687,360.0,1.0,0,0,7058.73146398843,494.2877682154686,6564.443695772961
1,1,0.1307720053205805,0,0,3065,1787.1189574759228,124.53082769741827,360.0,0.0653860026602902,1,0,4852.118957475923,345.91896582616187,4506.199991649761
0,0,0.3617294061566496,0,0,2698,0.0,99.36429358488172,321.703764369399,1.0,0,0,2698.0,308.8689178992194,2389.1310821007805
1,1,0.0,1,0,6041,2414.8261061190747,222.11421063359492,360.0,1.0,0,0,8455.826106119075,616.9839184266525,7838.842187692422
0,0,0.0,1,0,5445,0.0,129.97023048300633,438.85335942002,0.0,1,0,5445.0,296.15867736496864,5148.841322635031
1,1,0.0,0,0,2544,1881.3742428899036,134.73393464314933,360.0,0.435672898677891,0,0,4425.374242889904,374.26092956430364,4051.1133133256003
1,1,0.8098820503145445,0,0,2519,1773.8900650398257,162.77944956813454,360.0,1.0,0,0,4292.8900650398255,452.16513768926256,3840.724927350563
0,1,0.9522838723083512,0,0,1054,3032.2589674537044,113.24469668303212,360.0,0.9522838723083512,1,0,4086.2589674537044,314.56860189731145,3771.690365556393
0,0,0.0,0,0,2059,0.0,125.83704801376308,360.0,0.5660372104940763,1,0,2059.0,349.54735559378634,1709.4526444062137
0,0,0.841353552357509,0,1,2742,1569.763128337436,175.5631732645333,350.4812131414505,1.0,1,0,4311.763128337436,500.9203537357019,3810.8427746017337
1,0,0.0,0,0,6255,0.0,130.0164647805642,360.0,0.0,0,0,6255.0,361.15684661267835,5893.843153387322
0,1,0.0,0,0,2632,3443.076917000448,135.38458500223808,298.4616599910477,0.0,1,0,6075.076917000448,453.6079609230174,5621.46895607743
1,0,0.0,1,0,5836,3727.229976897566,293.4663784296326,343.4761681535805,1.0,0,0,9563.229976897566,854.4009909252663,8708.8289859723
1,1,0.0941569882685601,1,0,19598,4770.169299777763,563.4090108212008,360.0,1.0,0,0,24368.169299777765,1565.0250300588912,22803.144269718872
1,0,0.3114133093912942,1,1,10286,0.0,177.0347740994786,360.0,0.3114133093912942,1,0,10286.0,491.76326138744054,9794.236738612559
0,0,1.0,1,0,4692,0.0,105.48776321553773,360.0,1.0,0,0,4692.0,293.0215644876048,4398.978435512396
1,0,0.1753302698893385,1,0,5092,0.0,127.92953044069552,360.0,0.0,0,0,5092.0,355.35980677970974,4736.64019322029
0,1,0.0,0,0,2395,3790.3382996687246,146.95424426394212,183.08899832971505,0.9828388981682498,1,0,6185.338299668725,802.6383103549465,5382.699989313778
0,1,0.7633644230039109,0,0,2045,2998.83030002278,128.38131250474578,360.0,0.7633644230039109,1,0,5043.830300022781,356.61475695762715,4687.215543065154
1,0,0.0,1,0,6004,4204.21095569287,156.87962138330113,214.75566413085969,1.0,1,0,10208.21095569287,730.5028345501879,9477.708121142681
0,0,0.0,0,0,4926,0.0,122.61087036731796,360.0,0.6536956789105992,0,0,4926.0,340.5857510203277,4585.414248979672
1,0,0.0,0,0,2862,0.0,75.68749769761106,327.8804287763767,0.5353261870603886,0,0,2862.0,230.8387175778399,2631.16128242216
0,0,2.2995473652855267,0,0,4743,0.0,90.0968315569987,360.0,0.3502263173572366,1,0,4743.0,250.26897654721859,4492.731023452781
0,0,2.855823227408899,0,0,4003,0.0,144.75835066935477,188.65060635546607,1.0,1,0,4003.0,767.3357296111361,3235.6642703888638
1,0,0.0,1,0,5730,4547.756384648397,260.6952762256565,360.0,1.0,0,0,10277.756384648397,724.1535450712681,9553.602839577128
0,0,1.773360774596095,1,0,4567,0.0,103.73954721916444,360.0,0.8866803872980475,1,0,4567.0,288.16540894212346,4278.834591057876
1,0,0.2608936233417139,1,0,11065,0.0,112.48097943761368,360.0,1.0,1,0,11065.0,312.44716510448245,10752.552834895518
0,0,1.0153045402903849,0,0,3862,0.0,62.73461793393847,360.0,0.9846954597096153,0,0,3862.0,174.26282759427355,3687.7371724057266
1,0,0.066563691920517,1,0,8744,4221.315972607142,312.5263310505952,360.0,0.933436308079483,0,0,12965.315972607143,868.1286973627645,12097.187275244378
0,0,0.0,1,0,9582,0.0,229.03119651745777,360.0,1.0,1,0,9582.0,636.1977681040494,8945.80223189595
